2026-05-09T22:46:02.226+0800 [DEBUG] [org.gradle.launcher.daemon.bootstrap.DaemonMain] Assuming the daemon was started with following jvm opts: [-Xms512M, -Xmx1G, -Dfile.encoding=UTF-8, -Duser.country=CN, -Duser.language=zh, -Duser.variant]
2026-05-09T22:46:02.471+0800 [DEBUG] [org.gradle.internal.remote.internal.inet.InetAddresses] Adding IP addresses for network interface Software Loopback Interface 1
2026-05-09T22:46:02.473+0800 [DEBUG] [org.gradle.internal.remote.internal.inet.InetAddresses] Is this a loopback interface? true
2026-05-09T22:46:02.473+0800 [DEBUG] [org.gradle.internal.remote.internal.inet.InetAddresses] Adding loopback address /127.0.0.1
2026-05-09T22:46:02.474+0800 [DEBUG] [org.gradle.internal.remote.internal.inet.InetAddresses] Adding loopback address /0:0:0:0:0:0:0:1
2026-05-09T22:46:02.474+0800 [DEBUG] [org.gradle.internal.remote.internal.inet.InetAddresses] Adding IP addresses for network interface Microsoft 6to4 Adapter
2026-05-09T22:46:02.475+0800 [DEBUG] [org.gradle.internal.remote.internal.inet.InetAddresses] Is this a loopback interface? false
2026-05-09T22:46:02.476+0800 [DEBUG] [org.gradle.internal.remote.internal.inet.InetAddresses] Adding IP addresses for network interface Microsoft Kernel Debug Network Adapter
2026-05-09T22:46:02.477+0800 [DEBUG] [org.gradle.internal.remote.internal.inet.InetAddresses] Is this a loopback interface? false
2026-05-09T22:46:02.478+0800 [DEBUG] [org.gradle.internal.remote.internal.inet.InetAddresses] Adding IP addresses for network interface WAN Miniport (SSTP)
2026-05-09T22:46:02.479+0800 [DEBUG] [org.gradle.internal.remote.internal.inet.InetAddresses] Is this a loopback interface? false
2026-05-09T22:46:02.479+0800 [DEBUG] [org.gradle.internal.remote.internal.inet.InetAddresses] Adding IP addresses for network interface WAN Miniport (L2TP)
2026-05-09T22:46:02.481+0800 [DEBUG] [org.gradle.internal.remote.internal.inet.InetAddresses] Is this a loopback interface? false
2026-05-09T22:46:02.481+0800 [DEBUG] [org.gradle.internal.remote.internal.inet.InetAddresses] Adding IP addresses for network interface Microsoft Wi-Fi Direct Virtual Adapter
2026-05-09T22:46:02.483+0800 [DEBUG] [org.gradle.internal.remote.internal.inet.InetAddresses] Is this a loopback interface? false
2026-05-09T22:46:02.483+0800 [DEBUG] [org.gradle.internal.remote.internal.inet.InetAddresses] Adding remote address /fe80:0:0:0:3c09:a1e7:5ec6:90a4%wlan0
2026-05-09T22:46:02.483+0800 [DEBUG] [org.gradle.internal.remote.internal.inet.InetAddresses] Adding IP addresses for network interface Realtek 8821CE Wireless LAN 802.11ac PCI-E NIC
2026-05-09T22:46:02.485+0800 [DEBUG] [org.gradle.internal.remote.internal.inet.InetAddresses] Is this a loopback interface? false
2026-05-09T22:46:02.485+0800 [DEBUG] [org.gradle.internal.remote.internal.inet.InetAddresses] Adding remote address /192.168.2.106
2026-05-09T22:46:02.485+0800 [DEBUG] [org.gradle.internal.remote.internal.inet.InetAddresses] Adding remote address /2409:8a55:35b7:9f61:0:0:0:1003
2026-05-09T22:46:02.485+0800 [DEBUG] [org.gradle.internal.remote.internal.inet.InetAddresses] Adding remote address /2409:8a55:35b7:9f61:791a:ee3e:7ba7:a0a3
2026-05-09T22:46:02.485+0800 [DEBUG] [org.gradle.internal.remote.internal.inet.InetAddresses] Adding remote address /2409:8a55:35b7:9f61:d577:dfd5:107a:a8a8
2026-05-09T22:46:02.485+0800 [DEBUG] [org.gradle.internal.remote.internal.inet.InetAddresses] Adding remote address /fe80:0:0:0:21fc:e03f:366:b67%wlan1
2026-05-09T22:46:02.485+0800 [DEBUG] [org.gradle.internal.remote.internal.inet.InetAddresses] Adding IP addresses for network interface Microsoft IP-HTTPS Platform Adapter
2026-05-09T22:46:02.487+0800 [DEBUG] [org.gradle.internal.remote.internal.inet.InetAddresses] Is this a loopback interface? false
2026-05-09T22:46:02.487+0800 [DEBUG] [org.gradle.internal.remote.internal.inet.InetAddresses] Adding IP addresses for network interface WAN Miniport (IPv6)
2026-05-09T22:46:02.488+0800 [DEBUG] [org.gradle.internal.remote.internal.inet.InetAddresses] Is this a loopback interface? false
2026-05-09T22:46:02.488+0800 [DEBUG] [org.gradle.internal.remote.internal.inet.InetAddresses] Adding IP addresses for network interface Bluetooth Device (Personal Area Network)
2026-05-09T22:46:02.490+0800 [DEBUG] [org.gradle.internal.remote.internal.inet.InetAddresses] Is this a loopback interface? false
2026-05-09T22:46:02.490+0800 [DEBUG] [org.gradle.internal.remote.internal.inet.InetAddresses] Adding remote address /fe80:0:0:0:e343:5846:6c2c:2872%eth2
2026-05-09T22:46:02.490+0800 [DEBUG] [org.gradle.internal.remote.internal.inet.InetAddresses] Adding IP addresses for network interface Microsoft Wi-Fi Direct Virtual Adapter #2
2026-05-09T22:46:02.491+0800 [DEBUG] [org.gradle.internal.remote.internal.inet.InetAddresses] Is this a loopback interface? false
2026-05-09T22:46:02.492+0800 [DEBUG] [org.gradle.internal.remote.internal.inet.InetAddresses] Adding remote address /fe80:0:0:0:62e2:b3f9:5a9b:ac34%wlan2
2026-05-09T22:46:02.492+0800 [DEBUG] [org.gradle.internal.remote.internal.inet.InetAddresses] Adding IP addresses for network interface Microsoft Teredo Tunneling Adapter
2026-05-09T22:46:02.493+0800 [DEBUG] [org.gradle.internal.remote.internal.inet.InetAddresses] Is this a loopback interface? false
2026-05-09T22:46:02.493+0800 [DEBUG] [org.gradle.internal.remote.internal.inet.InetAddresses] Adding IP addresses for network interface WAN Miniport (Network Monitor)
2026-05-09T22:46:02.495+0800 [DEBUG] [org.gradle.internal.remote.internal.inet.InetAddresses] Is this a loopback interface? false
2026-05-09T22:46:02.495+0800 [DEBUG] [org.gradle.internal.remote.internal.inet.InetAddresses] Adding IP addresses for network interface Bluetooth Device (Personal Area Network) #2
2026-05-09T22:46:02.497+0800 [DEBUG] [org.gradle.internal.remote.internal.inet.InetAddresses] Is this a loopback interface? false
2026-05-09T22:46:02.497+0800 [DEBUG] [org.gradle.internal.remote.internal.inet.InetAddresses] Adding IP addresses for network interface Realtek Gaming 2.5GbE Family Controller
2026-05-09T22:46:02.499+0800 [DEBUG] [org.gradle.internal.remote.internal.inet.InetAddresses] Is this a loopback interface? false
2026-05-09T22:46:02.499+0800 [DEBUG] [org.gradle.internal.remote.internal.inet.InetAddresses] Adding remote address /fe80:0:0:0:643d:e76d:9919:7974%eth5
2026-05-09T22:46:02.499+0800 [DEBUG] [org.gradle.internal.remote.internal.inet.InetAddresses] Adding IP addresses for network interface WAN Miniport (PPTP)
2026-05-09T22:46:02.500+0800 [DEBUG] [org.gradle.internal.remote.internal.inet.InetAddresses] Is this a loopback interface? false
2026-05-09T22:46:02.500+0800 [DEBUG] [org.gradle.internal.remote.internal.inet.InetAddresses] Adding IP addresses for network interface WAN Miniport (IP)
2026-05-09T22:46:02.502+0800 [DEBUG] [org.gradle.internal.remote.internal.inet.InetAddresses] Is this a loopback interface? false
2026-05-09T22:46:02.502+0800 [DEBUG] [org.gradle.internal.remote.internal.inet.InetAddresses] Adding IP addresses for network interface WAN Miniport (IKEv2)
2026-05-09T22:46:02.504+0800 [DEBUG] [org.gradle.internal.remote.internal.inet.InetAddresses] Is this a loopback interface? false
2026-05-09T22:46:02.504+0800 [DEBUG] [org.gradle.internal.remote.internal.inet.InetAddresses] Adding IP addresses for network interface WAN Miniport (PPPOE)
2026-05-09T22:46:02.505+0800 [DEBUG] [org.gradle.internal.remote.internal.inet.InetAddresses] Is this a loopback interface? false
2026-05-09T22:46:02.505+0800 [DEBUG] [org.gradle.internal.remote.internal.inet.InetAddresses] Adding IP addresses for network interface Realtek Gaming 2.5GbE Family Controller-WFP Native MAC Layer LightWeight Filter-0000
2026-05-09T22:46:02.507+0800 [DEBUG] [org.gradle.internal.remote.internal.inet.InetAddresses] Is this a loopback interface? false
2026-05-09T22:46:02.507+0800 [DEBUG] [org.gradle.internal.remote.internal.inet.InetAddresses] Adding IP addresses for network interface Realtek Gaming 2.5GbE Family Controller-Npcap Packet Driver (NPCAP)-0000
2026-05-09T22:46:02.509+0800 [DEBUG] [org.gradle.internal.remote.internal.inet.InetAddresses] Is this a loopback interface? false
2026-05-09T22:46:02.509+0800 [DEBUG] [org.gradle.internal.remote.internal.inet.InetAddresses] Adding IP addresses for network interface Realtek Gaming 2.5GbE Family Controller-QoS Packet Scheduler-0000
2026-05-09T22:46:02.510+0800 [DEBUG] [org.gradle.internal.remote.internal.inet.InetAddresses] Is this a loopback interface? false
2026-05-09T22:46:02.510+0800 [DEBUG] [org.gradle.internal.remote.internal.inet.InetAddresses] Adding IP addresses for network interface Realtek Gaming 2.5GbE Family Controller-WFP 802.3 MAC Layer LightWeight Filter-0000
2026-05-09T22:46:02.512+0800 [DEBUG] [org.gradle.internal.remote.internal.inet.InetAddresses] Is this a loopback interface? false
2026-05-09T22:46:02.512+0800 [DEBUG] [org.gradle.internal.remote.internal.inet.InetAddresses] Adding IP addresses for network interface Bluetooth Device (Personal Area Network)-Npcap Packet Driver (NPCAP)-0000
2026-05-09T22:46:02.514+0800 [DEBUG] [org.gradle.internal.remote.internal.inet.InetAddresses] Is this a loopback interface? false
2026-05-09T22:46:02.514+0800 [DEBUG] [org.gradle.internal.remote.internal.inet.InetAddresses] Adding IP addresses for network interface Realtek 8821CE Wireless LAN 802.11ac PCI-E NIC-WFP Native MAC Layer LightWeight Filter-0000
2026-05-09T22:46:02.515+0800 [DEBUG] [org.gradle.internal.remote.internal.inet.InetAddresses] Is this a loopback interface? false
2026-05-09T22:46:02.516+0800 [DEBUG] [org.gradle.internal.remote.internal.inet.InetAddresses] Adding IP addresses for network interface Realtek 8821CE Wireless LAN 802.11ac PCI-E NIC-Virtual WiFi Filter Driver-0000
2026-05-09T22:46:02.517+0800 [DEBUG] [org.gradle.internal.remote.internal.inet.InetAddresses] Is this a loopback interface? false
2026-05-09T22:46:02.517+0800 [DEBUG] [org.gradle.internal.remote.internal.inet.InetAddresses] Adding IP addresses for network interface Realtek 8821CE Wireless LAN 802.11ac PCI-E NIC-Native WiFi Filter Driver-0000
2026-05-09T22:46:02.519+0800 [DEBUG] [org.gradle.internal.remote.internal.inet.InetAddresses] Is this a loopback interface? false
2026-05-09T22:46:02.519+0800 [DEBUG] [org.gradle.internal.remote.internal.inet.InetAddresses] Adding IP addresses for network interface Realtek 8821CE Wireless LAN 802.11ac PCI-E NIC-Npcap Packet Driver (NPCAP)-0000
2026-05-09T22:46:02.521+0800 [DEBUG] [org.gradle.internal.remote.internal.inet.InetAddresses] Is this a loopback interface? false
2026-05-09T22:46:02.521+0800 [DEBUG] [org.gradle.internal.remote.internal.inet.InetAddresses] Adding IP addresses for network interface Realtek 8821CE Wireless LAN 802.11ac PCI-E NIC-QoS Packet Scheduler-0000
2026-05-09T22:46:02.522+0800 [DEBUG] [org.gradle.internal.remote.internal.inet.InetAddresses] Is this a loopback interface? false
2026-05-09T22:46:02.522+0800 [DEBUG] [org.gradle.internal.remote.internal.inet.InetAddresses] Adding IP addresses for network interface Realtek 8821CE Wireless LAN 802.11ac PCI-E NIC-WFP 802.3 MAC Layer LightWeight Filter-0000
2026-05-09T22:46:02.524+0800 [DEBUG] [org.gradle.internal.remote.internal.inet.InetAddresses] Is this a loopback interface? false
2026-05-09T22:46:02.524+0800 [DEBUG] [org.gradle.internal.remote.internal.inet.InetAddresses] Adding IP addresses for network interface Hyper-V Virtual Switch Extension Adapter
2026-05-09T22:46:02.525+0800 [DEBUG] [org.gradle.internal.remote.internal.inet.InetAddresses] Is this a loopback interface? false
2026-05-09T22:46:02.525+0800 [DEBUG] [org.gradle.internal.remote.internal.inet.InetAddresses] Adding IP addresses for network interface Hyper-V Virtual Switch Extension Adapter-Hyper-V Virtual Switch Extension Filter-0000
2026-05-09T22:46:02.527+0800 [DEBUG] [org.gradle.internal.remote.internal.inet.InetAddresses] Is this a loopback interface? false
2026-05-09T22:46:02.527+0800 [DEBUG] [org.gradle.internal.remote.internal.inet.InetAddresses] Adding IP addresses for network interface Hyper-V Virtual Ethernet Adapter
2026-05-09T22:46:02.529+0800 [DEBUG] [org.gradle.internal.remote.internal.inet.InetAddresses] Is this a loopback interface? false
2026-05-09T22:46:02.529+0800 [DEBUG] [org.gradle.internal.remote.internal.inet.InetAddresses] Adding remote address /172.17.64.1
2026-05-09T22:46:02.529+0800 [DEBUG] [org.gradle.internal.remote.internal.inet.InetAddresses] Adding remote address /fe80:0:0:0:a493:b578:fb30:5105%eth14
2026-05-09T22:46:02.529+0800 [DEBUG] [org.gradle.internal.remote.internal.inet.InetAddresses] Adding IP addresses for network interface Hyper-V Virtual Ethernet Adapter-WFP Native MAC Layer LightWeight Filter-0000
2026-05-09T22:46:02.530+0800 [DEBUG] [org.gradle.internal.remote.internal.inet.InetAddresses] Is this a loopback interface? false
2026-05-09T22:46:02.530+0800 [DEBUG] [org.gradle.internal.remote.internal.inet.InetAddresses] Adding IP addresses for network interface Hyper-V Virtual Ethernet Adapter-Npcap Packet Driver (NPCAP)-0000
2026-05-09T22:46:02.532+0800 [DEBUG] [org.gradle.internal.remote.internal.inet.InetAddresses] Is this a loopback interface? false
2026-05-09T22:46:02.532+0800 [DEBUG] [org.gradle.internal.remote.internal.inet.InetAddresses] Adding IP addresses for network interface Hyper-V Virtual Ethernet Adapter-QoS Packet Scheduler-0000
2026-05-09T22:46:02.534+0800 [DEBUG] [org.gradle.internal.remote.internal.inet.InetAddresses] Is this a loopback interface? false
2026-05-09T22:46:02.534+0800 [DEBUG] [org.gradle.internal.remote.internal.inet.InetAddresses] Adding IP addresses for network interface Hyper-V Virtual Ethernet Adapter-WFP 802.3 MAC Layer LightWeight Filter-0000
2026-05-09T22:46:02.535+0800 [DEBUG] [org.gradle.internal.remote.internal.inet.InetAddresses] Is this a loopback interface? false
2026-05-09T22:46:02.535+0800 [DEBUG] [org.gradle.internal.remote.internal.inet.InetAddresses] Adding IP addresses for network interface WAN Miniport (IP)-WFP Native MAC Layer LightWeight Filter-0000
2026-05-09T22:46:02.537+0800 [DEBUG] [org.gradle.internal.remote.internal.inet.InetAddresses] Is this a loopback interface? false
2026-05-09T22:46:02.537+0800 [DEBUG] [org.gradle.internal.remote.internal.inet.InetAddresses] Adding IP addresses for network interface WAN Miniport (IP)-Npcap Packet Driver (NPCAP)-0000
2026-05-09T22:46:02.538+0800 [DEBUG] [org.gradle.internal.remote.internal.inet.InetAddresses] Is this a loopback interface? false
2026-05-09T22:46:02.538+0800 [DEBUG] [org.gradle.internal.remote.internal.inet.InetAddresses] Adding IP addresses for network interface WAN Miniport (IP)-QoS Packet Scheduler-0000
2026-05-09T22:46:02.540+0800 [DEBUG] [org.gradle.internal.remote.internal.inet.InetAddresses] Is this a loopback interface? false
2026-05-09T22:46:02.540+0800 [DEBUG] [org.gradle.internal.remote.internal.inet.InetAddresses] Adding IP addresses for network interface WAN Miniport (IPv6)-WFP Native MAC Layer LightWeight Filter-0000
2026-05-09T22:46:02.542+0800 [DEBUG] [org.gradle.internal.remote.internal.inet.InetAddresses] Is this a loopback interface? false
2026-05-09T22:46:02.542+0800 [DEBUG] [org.gradle.internal.remote.internal.inet.InetAddresses] Adding IP addresses for network interface WAN Miniport (IPv6)-Npcap Packet Driver (NPCAP)-0000
2026-05-09T22:46:02.543+0800 [DEBUG] [org.gradle.internal.remote.internal.inet.InetAddresses] Is this a loopback interface? false
2026-05-09T22:46:02.543+0800 [DEBUG] [org.gradle.internal.remote.internal.inet.InetAddresses] Adding IP addresses for network interface WAN Miniport (IPv6)-QoS Packet Scheduler-0000
2026-05-09T22:46:02.545+0800 [DEBUG] [org.gradle.internal.remote.internal.inet.InetAddresses] Is this a loopback interface? false
2026-05-09T22:46:02.545+0800 [DEBUG] [org.gradle.internal.remote.internal.inet.InetAddresses] Adding IP addresses for network interface WAN Miniport (Network Monitor)-WFP Native MAC Layer LightWeight Filter-0000
2026-05-09T22:46:02.546+0800 [DEBUG] [org.gradle.internal.remote.internal.inet.InetAddresses] Is this a loopback interface? false
2026-05-09T22:46:02.547+0800 [DEBUG] [org.gradle.internal.remote.internal.inet.InetAddresses] Adding IP addresses for network interface WAN Miniport (Network Monitor)-Npcap Packet Driver (NPCAP)-0000
2026-05-09T22:46:02.548+0800 [DEBUG] [org.gradle.internal.remote.internal.inet.InetAddresses] Is this a loopback interface? false
2026-05-09T22:46:02.548+0800 [DEBUG] [org.gradle.internal.remote.internal.inet.InetAddresses] Adding IP addresses for network interface WAN Miniport (Network Monitor)-QoS Packet Scheduler-0000
2026-05-09T22:46:02.550+0800 [DEBUG] [org.gradle.internal.remote.internal.inet.InetAddresses] Is this a loopback interface? false
2026-05-09T22:46:02.550+0800 [DEBUG] [org.gradle.internal.remote.internal.inet.InetAddresses] Adding IP addresses for network interface Microsoft Wi-Fi Direct Virtual Adapter-WFP Native MAC Layer LightWeight Filter-0000
2026-05-09T22:46:02.551+0800 [DEBUG] [org.gradle.internal.remote.internal.inet.InetAddresses] Is this a loopback interface? false
2026-05-09T22:46:02.552+0800 [DEBUG] [org.gradle.internal.remote.internal.inet.InetAddresses] Adding IP addresses for network interface Microsoft Wi-Fi Direct Virtual Adapter-Native WiFi Filter Driver-0000
2026-05-09T22:46:02.553+0800 [DEBUG] [org.gradle.internal.remote.internal.inet.InetAddresses] Is this a loopback interface? false
2026-05-09T22:46:02.553+0800 [DEBUG] [org.gradle.internal.remote.internal.inet.InetAddresses] Adding IP addresses for network interface Microsoft Wi-Fi Direct Virtual Adapter-Npcap Packet Driver (NPCAP)-0000
2026-05-09T22:46:02.555+0800 [DEBUG] [org.gradle.internal.remote.internal.inet.InetAddresses] Is this a loopback interface? false
2026-05-09T22:46:02.555+0800 [DEBUG] [org.gradle.internal.remote.internal.inet.InetAddresses] Adding IP addresses for network interface Microsoft Wi-Fi Direct Virtual Adapter-QoS Packet Scheduler-0000
2026-05-09T22:46:02.556+0800 [DEBUG] [org.gradle.internal.remote.internal.inet.InetAddresses] Is this a loopback interface? false
2026-05-09T22:46:02.556+0800 [DEBUG] [org.gradle.internal.remote.internal.inet.InetAddresses] Adding IP addresses for network interface Microsoft Wi-Fi Direct Virtual Adapter-WFP 802.3 MAC Layer LightWeight Filter-0000
2026-05-09T22:46:02.558+0800 [DEBUG] [org.gradle.internal.remote.internal.inet.InetAddresses] Is this a loopback interface? false
2026-05-09T22:46:02.558+0800 [DEBUG] [org.gradle.internal.remote.internal.inet.InetAddresses] Adding IP addresses for network interface Microsoft Wi-Fi Direct Virtual Adapter #2-WFP Native MAC Layer LightWeight Filter-0000
2026-05-09T22:46:02.560+0800 [DEBUG] [org.gradle.internal.remote.internal.inet.InetAddresses] Is this a loopback interface? false
2026-05-09T22:46:02.560+0800 [DEBUG] [org.gradle.internal.remote.internal.inet.InetAddresses] Adding IP addresses for network interface Microsoft Wi-Fi Direct Virtual Adapter #2-Native WiFi Filter Driver-0000
2026-05-09T22:46:02.561+0800 [DEBUG] [org.gradle.internal.remote.internal.inet.InetAddresses] Is this a loopback interface? false
2026-05-09T22:46:02.561+0800 [DEBUG] [org.gradle.internal.remote.internal.inet.InetAddresses] Adding IP addresses for network interface Microsoft Wi-Fi Direct Virtual Adapter #2-Npcap Packet Driver (NPCAP)-0000
2026-05-09T22:46:02.563+0800 [DEBUG] [org.gradle.internal.remote.internal.inet.InetAddresses] Is this a loopback interface? false
2026-05-09T22:46:02.563+0800 [DEBUG] [org.gradle.internal.remote.internal.inet.InetAddresses] Adding IP addresses for network interface Microsoft Wi-Fi Direct Virtual Adapter #2-QoS Packet Scheduler-0000
2026-05-09T22:46:02.565+0800 [DEBUG] [org.gradle.internal.remote.internal.inet.InetAddresses] Is this a loopback interface? false
2026-05-09T22:46:02.565+0800 [DEBUG] [org.gradle.internal.remote.internal.inet.InetAddresses] Adding IP addresses for network interface Microsoft Wi-Fi Direct Virtual Adapter #2-WFP 802.3 MAC Layer LightWeight Filter-0000
2026-05-09T22:46:02.566+0800 [DEBUG] [org.gradle.internal.remote.internal.inet.InetAddresses] Is this a loopback interface? false
2026-05-09T22:46:02.616+0800 [INFO] [org.gradle.launcher.daemon.server.Daemon] start() called on daemon - DefaultDaemonContext[uid=8fdf9aa9-9e39-4e6b-ba52-40be38a3c738,javaHome=E:\#SavedFiles\EndlessCityCore\ProjectCode\EndlessCityCore\jdks\eclipse_adoptium-17-amd64-windows.2,javaVersion=17,javaVendor=Eclipse Adoptium,daemonRegistryDir=E:\#SavedFiles\EndlessCityCore\ProjectCode\EndlessCityCore\daemon,pid=2844,idleTimeout=10800000,priority=NORMAL,applyInstrumentationAgent=true,nativeServicesMode=ENABLED,daemonOpts=-Xms512M,-Xmx1G,-Dfile.encoding=UTF-8,-Duser.country=CN,-Duser.language=zh,-Duser.variant]
2026-05-09T22:46:02.686+0800 [DEBUG] [org.gradle.internal.remote.internal.inet.TcpIncomingConnector] Listening on [f7ee0a53-48ed-4383-a32e-61a8ac05aaa4 port:55889, addresses:[localhost/127.0.0.1]].
2026-05-09T22:46:02.707+0800 [DEBUG] [org.gradle.launcher.daemon.server.Daemon] Daemon starting at: Sat May 09 22:46:02 CST 2026, with address: [f7ee0a53-48ed-4383-a32e-61a8ac05aaa4 port:55889, addresses:[localhost/127.0.0.1]]
2026-05-09T22:46:02.708+0800 [INFO] [org.gradle.launcher.daemon.server.DaemonRegistryUpdater] Advertising the daemon address to the clients: [f7ee0a53-48ed-4383-a32e-61a8ac05aaa4 port:55889, addresses:[localhost/127.0.0.1]]
2026-05-09T22:46:02.708+0800 [DEBUG] [org.gradle.launcher.daemon.server.DaemonRegistryUpdater] Advertised daemon context: DefaultDaemonContext[uid=8fdf9aa9-9e39-4e6b-ba52-40be38a3c738,javaHome=E:\#SavedFiles\EndlessCityCore\ProjectCode\EndlessCityCore\jdks\eclipse_adoptium-17-amd64-windows.2,javaVersion=17,javaVendor=Eclipse Adoptium,daemonRegistryDir=E:\#SavedFiles\EndlessCityCore\ProjectCode\EndlessCityCore\daemon,pid=2844,idleTimeout=10800000,priority=NORMAL,applyInstrumentationAgent=true,nativeServicesMode=ENABLED,daemonOpts=-Xms512M,-Xmx1G,-Dfile.encoding=UTF-8,-Duser.country=CN,-Duser.language=zh,-Duser.variant]
2026-05-09T22:46:02.708+0800 [DEBUG] [org.gradle.launcher.daemon.registry.PersistentDaemonRegistry] Storing daemon address: [f7ee0a53-48ed-4383-a32e-61a8ac05aaa4 port:55889, addresses:[localhost/127.0.0.1]], context: DefaultDaemonContext[uid=8fdf9aa9-9e39-4e6b-ba52-40be38a3c738,javaHome=E:\#SavedFiles\EndlessCityCore\ProjectCode\EndlessCityCore\jdks\eclipse_adoptium-17-amd64-windows.2,javaVersion=17,javaVendor=Eclipse Adoptium,daemonRegistryDir=E:\#SavedFiles\EndlessCityCore\ProjectCode\EndlessCityCore\daemon,pid=2844,idleTimeout=10800000,priority=NORMAL,applyInstrumentationAgent=true,nativeServicesMode=ENABLED,daemonOpts=-Xms512M,-Xmx1G,-Dfile.encoding=UTF-8,-Duser.country=CN,-Duser.language=zh,-Duser.variant]
2026-05-09T22:46:02.715+0800 [DEBUG] [org.gradle.cache.internal.DefaultFileLockManager] Waiting to acquire exclusive lock on daemon addresses registry.
2026-05-09T22:46:02.717+0800 [DEBUG] [org.gradle.cache.internal.DefaultFileLockManager] Lock acquired on daemon addresses registry.
2026-05-09T22:46:02.720+0800 [DEBUG] [org.gradle.cache.internal.DefaultFileLockManager] Releasing lock on daemon addresses registry.
2026-05-09T22:46:02.720+0800 [LIFECYCLE] [org.gradle.launcher.daemon.server.Daemon] Daemon server started.
2026-05-09T22:46:02.721+0800 [DEBUG] [org.gradle.launcher.daemon.bootstrap.DaemonStartupCommunication] Completed writing the daemon greeting. Closing streams...
2026-05-09T22:46:02.726+0800 [DEBUG] [org.gradle.launcher.daemon.server.Daemon] stopOnExpiration() called on daemon
2026-05-09T22:46:02.727+0800 [DEBUG] [org.gradle.launcher.daemon.server.Daemon] awaitExpiration() called on daemon
2026-05-09T22:46:02.727+0800 [DEBUG] [org.gradle.launcher.daemon.server.DaemonStateCoordinator] daemon is running. Sleeping until state changes.
2026-05-09T22:46:02.743+0800 [DEBUG] [org.gradle.internal.remote.internal.inet.TcpIncomingConnector] Accepted connection from /127.0.0.1:55890 to /127.0.0.1:55889.
2026-05-09T22:46:02.873+0800 [DEBUG] [org.gradle.launcher.daemon.server.SynchronizedDispatchConnection] thread 22: received class org.gradle.launcher.daemon.protocol.Build
2026-05-09T22:46:02.873+0800 [DEBUG] [org.gradle.launcher.daemon.server.DefaultDaemonConnection] thread 22: Received non-IO message from client: Build{id=d8a35135-79ed-41c9-add7-f5588de0b6f7, currentDir=E:\#SavedFiles\EndlessCityCore\ProjectCode\EndlessCityCore}
2026-05-09T22:46:02.873+0800 [INFO] [org.gradle.launcher.daemon.server.DefaultIncomingConnectionHandler] Received command: Build{id=d8a35135-79ed-41c9-add7-f5588de0b6f7, currentDir=E:\#SavedFiles\EndlessCityCore\ProjectCode\EndlessCityCore}.
2026-05-09T22:46:02.873+0800 [DEBUG] [org.gradle.launcher.daemon.server.DefaultIncomingConnectionHandler] Starting executing command: Build{id=d8a35135-79ed-41c9-add7-f5588de0b6f7, currentDir=E:\#SavedFiles\EndlessCityCore\ProjectCode\EndlessCityCore} with connection: socket connection from /127.0.0.1:55889 to /127.0.0.1:55890.
2026-05-09T22:46:02.875+0800 [DEBUG] [org.gradle.launcher.daemon.server.DaemonStateCoordinator] Command execution: started DaemonCommandExecution[command = Build{id=d8a35135-79ed-41c9-add7-f5588de0b6f7, currentDir=E:\#SavedFiles\EndlessCityCore\ProjectCode\EndlessCityCore}, connection = DefaultDaemonConnection: socket connection from /127.0.0.1:55889 to /127.0.0.1:55890] after 0.0032166666666666667 minutes of idle
2026-05-09T22:46:02.875+0800 [INFO] [org.gradle.launcher.daemon.server.DaemonRegistryUpdater] Marking the daemon as busy, address: [f7ee0a53-48ed-4383-a32e-61a8ac05aaa4 port:55889, addresses:[localhost/127.0.0.1]]
2026-05-09T22:46:02.875+0800 [DEBUG] [org.gradle.launcher.daemon.registry.PersistentDaemonRegistry] Marking busy by address: [f7ee0a53-48ed-4383-a32e-61a8ac05aaa4 port:55889, addresses:[localhost/127.0.0.1]]
2026-05-09T22:46:02.876+0800 [DEBUG] [org.gradle.cache.internal.DefaultFileLockManager] Waiting to acquire exclusive lock on daemon addresses registry.
2026-05-09T22:46:02.877+0800 [DEBUG] [org.gradle.cache.internal.DefaultFileLockManager] Lock acquired on daemon addresses registry.
2026-05-09T22:46:02.877+0800 [DEBUG] [org.gradle.cache.internal.DefaultFileLockManager] Releasing lock on daemon addresses registry.
2026-05-09T22:46:02.878+0800 [DEBUG] [org.gradle.launcher.daemon.server.DaemonStateCoordinator] resetting idle timer
2026-05-09T22:46:02.878+0800 [DEBUG] [org.gradle.launcher.daemon.server.DaemonStateCoordinator] daemon is running. Sleeping until state changes.
2026-05-09T22:46:02.878+0800 [INFO] [org.gradle.launcher.daemon.server.exec.StartBuildOrRespondWithBusy] Daemon is about to start building Build{id=d8a35135-79ed-41c9-add7-f5588de0b6f7, currentDir=E:\#SavedFiles\EndlessCityCore\ProjectCode\EndlessCityCore}. Dispatching build started information...
2026-05-09T22:46:02.879+0800 [DEBUG] [org.gradle.launcher.daemon.server.SynchronizedDispatchConnection] thread 24: dispatching org.gradle.launcher.daemon.protocol.BuildStarted@2f9e0aeb
2026-05-09T22:46:02.892+0800 [DEBUG] [org.gradle.launcher.daemon.server.exec.EstablishBuildEnvironment] Configuring env variables: [USERDOMAIN_ROAMINGPROFILE, PROCESSOR_LEVEL, SESSIONNAME, ALLUSERSPROFILE, INTEL_DEV_REDIST, PROCESSOR_ARCHITECTURE, MIC_LD_LIBRARY_PATH, PSModulePath, SystemDrive, VULKAN_SDK, CUDA_PATH_V12_9, USERNAME, ProgramFiles(x86), PATHEXT, DriverData, OneDriveConsumer, ProgramData, ProgramW6432, HOMEPATH, PROCESSOR_IDENTIFIER, VK_SDK_PATH, ProgramFiles, PUBLIC, windir, ClassIsland_ShowSellingAnnouncement, =::, MSMPI_BENCHMARKS, LOCALAPPDATA, MSMPI_BIN, USERDOMAIN, LOGONSERVER, JAVA_HOME, OneDrive, APPDATA, 123pan, CommonProgramFiles, Path, OS, Maven_Home, COMPUTERNAME, CUDA_PATH, PROCESSOR_REVISION, CommonProgramW6432, ComSpec, TEMP, SystemRoot, HOMEDRIVE, USERPROFILE, TMP, FORMAT_MESSAGES_PATTERN_DISABLE_LOOKUPS, CommonProgramFiles(x86), NUMBER_OF_PROCESSORS]
2026-05-09T22:46:02.895+0800 [DEBUG] [org.gradle.launcher.daemon.server.exec.LogToClient] About to start relaying all logs to the client via the connection.
2026-05-09T22:46:02.895+0800 [INFO] [org.gradle.launcher.daemon.server.exec.LogToClient] The client will now receive all logging from the daemon (pid: 2844). The daemon log file: E:\#SavedFiles\EndlessCityCore\ProjectCode\EndlessCityCore\daemon\9.3.1\daemon-2844.out.log
2026-05-09T22:46:02.900+0800 [INFO] [org.gradle.launcher.daemon.server.exec.LogAndCheckHealth] Starting build in new daemon [memory: 1 GiB]
2026-05-09T22:46:02.903+0800 [DEBUG] [org.gradle.launcher.daemon.server.exec.ExecuteBuild] The daemon has started executing the build.
2026-05-09T22:46:02.903+0800 [DEBUG] [org.gradle.launcher.daemon.server.exec.ExecuteBuild] Executing build with daemon context: DefaultDaemonContext[uid=8fdf9aa9-9e39-4e6b-ba52-40be38a3c738,javaHome=E:\#SavedFiles\EndlessCityCore\ProjectCode\EndlessCityCore\jdks\eclipse_adoptium-17-amd64-windows.2,javaVersion=17,javaVendor=Eclipse Adoptium,daemonRegistryDir=E:\#SavedFiles\EndlessCityCore\ProjectCode\EndlessCityCore\daemon,pid=2844,idleTimeout=10800000,priority=NORMAL,applyInstrumentationAgent=true,nativeServicesMode=ENABLED,daemonOpts=-Xms512M,-Xmx1G,-Dfile.encoding=UTF-8,-Duser.country=CN,-Duser.language=zh,-Duser.variant]
[MainCtrl]Start MainCtrl successfully
[FindSaves]:Scanning folder: E:\#SavedFiles\EndlessCityCore\ProjectCode\EndlessCityCore\src\main\resources\Saves
[FindSaves]:Find 5 files end with .json
[FindSaves]:Scanning folder: E:\#SavedFiles\EndlessCityCore\ProjectCode\EndlessCityCore\src\main\resources\Saves
[FindSaves]:Find 5 files end with .json
New Simulation
Load Simulation
[MainGui]:SavesChoosingWindow: Selected a Save: 01.json
[MainGui]:Save detail:01.json
2026-05-09T23:15:22.861+0800 [DEBUG] [org.gradle.launcher.daemon.server.exec.ExecuteBuild] The daemon has finished executing the build.
2026-05-09T23:15:22.877+0800 [DEBUG] [org.gradle.launcher.daemon.server.DaemonStateCoordinator] daemon is running. Sleeping until state changes.
2026-05-09T23:15:22.877+0800 [DEBUG] [org.gradle.launcher.daemon.server.DaemonStateCoordinator] Command execution: finished waiting for DaemonCommandExecution[command = Build{id=d8a35135-79ed-41c9-add7-f5588de0b6f7, currentDir=E:\#SavedFiles\EndlessCityCore\ProjectCode\EndlessCityCore}, connection = DefaultDaemonConnection: socket connection from /127.0.0.1:55889 to /127.0.0.1:55890]. Result org.gradle.launcher.daemon.server.DaemonStateCoordinator@7ed983d8 with state Busy
2026-05-09T23:15:22.877+0800 [DEBUG] [org.gradle.launcher.daemon.server.DaemonStateCoordinator] Command execution: completed DaemonCommandExecution[command = Build{id=d8a35135-79ed-41c9-add7-f5588de0b6f7, currentDir=E:\#SavedFiles\EndlessCityCore\ProjectCode\EndlessCityCore}, connection = DefaultDaemonConnection: socket connection from /127.0.0.1:55889 to /127.0.0.1:55890]
2026-05-09T23:15:22.877+0800 [DEBUG] [org.gradle.launcher.daemon.server.DaemonStateCoordinator] resetting idle timer
2026-05-09T23:15:22.877+0800 [INFO] [org.gradle.launcher.daemon.server.DaemonRegistryUpdater] Marking the daemon as idle, address: [f7ee0a53-48ed-4383-a32e-61a8ac05aaa4 port:55889, addresses:[localhost/127.0.0.1]]
2026-05-09T23:15:22.877+0800 [DEBUG] [org.gradle.launcher.daemon.registry.PersistentDaemonRegistry] Marking busy by address: [f7ee0a53-48ed-4383-a32e-61a8ac05aaa4 port:55889, addresses:[localhost/127.0.0.1]]
2026-05-09T23:15:22.879+0800 [DEBUG] [org.gradle.cache.internal.DefaultFileLockManager] Waiting to acquire exclusive lock on daemon addresses registry.
2026-05-09T23:15:22.879+0800 [DEBUG] [org.gradle.cache.internal.DefaultFileLockManager] Lock acquired on daemon addresses registry.
2026-05-09T23:15:22.881+0800 [DEBUG] [org.gradle.cache.internal.DefaultFileLockManager] Releasing lock on daemon addresses registry.
2026-05-09T23:15:22.881+0800 [DEBUG] [org.gradle.launcher.daemon.server.DaemonStateCoordinator] daemon is running. Sleeping until state changes.
2026-05-09T23:15:22.881+0800 [DEBUG] [org.gradle.launcher.daemon.server.exec.ReturnResult] Daemon is dispatching the build result: Success[value=org.gradle.launcher.exec.BuildActionResult@3420260]
2026-05-09T23:15:22.881+0800 [DEBUG] [org.gradle.launcher.daemon.server.SynchronizedDispatchConnection] thread 21: dispatching Success[value=org.gradle.launcher.exec.BuildActionResult@3420260]
2026-05-09T23:15:22.883+0800 [DEBUG] [org.gradle.launcher.daemon.server.SynchronizedDispatchConnection] thread 22: received class org.gradle.launcher.daemon.protocol.CloseInput
2026-05-09T23:15:22.883+0800 [DEBUG] [org.gradle.launcher.daemon.server.DefaultDaemonConnection] thread 22: Received IO message from client: org.gradle.launcher.daemon.protocol.CloseInput@18c6d661
2026-05-09T23:15:22.883+0800 [DEBUG] [org.gradle.launcher.daemon.server.SynchronizedDispatchConnection] thread 22: received class org.gradle.launcher.daemon.protocol.Finished
2026-05-09T23:15:22.883+0800 [DEBUG] [org.gradle.launcher.daemon.server.DefaultDaemonConnection] thread 22: Received non-IO message from client: org.gradle.launcher.daemon.protocol.Finished@5a963968
2026-05-09T23:15:22.883+0800 [DEBUG] [org.gradle.launcher.daemon.server.exec.CleanUpVirtualFileSystemAfterBuild] Cleaning virtual file system after build finished
2026-05-09T23:15:22.884+0800 [DEBUG] [org.gradle.launcher.daemon.server.DefaultIncomingConnectionHandler] Finishing executing command: Build{id=d8a35135-79ed-41c9-add7-f5588de0b6f7, currentDir=E:\#SavedFiles\EndlessCityCore\ProjectCode\EndlessCityCore}
2026-05-09T23:15:22.884+0800 [DEBUG] [org.gradle.launcher.daemon.server.DefaultIncomingConnectionHandler] Received finished message: org.gradle.launcher.daemon.protocol.Finished@5a963968
2026-05-09T23:15:22.884+0800 [DEBUG] [org.gradle.launcher.daemon.server.SynchronizedDispatchConnection] thread 21: stopping connection
2026-05-09T23:15:22.884+0800 [DEBUG] [org.gradle.internal.remote.internal.inet.SocketConnection] Discarding EOFException: java.io.EOFException
2026-05-09T23:15:22.884+0800 [DEBUG] [org.gradle.launcher.daemon.server.SynchronizedDispatchConnection] thread 22: received null
2026-05-09T23:15:22.884+0800 [DEBUG] [org.gradle.launcher.daemon.server.DefaultDaemonConnection] thread 22: Received end-of-input from client.
2026-05-09T23:15:22.885+0800 [DEBUG] [org.gradle.launcher.daemon.server.SynchronizedDispatchConnection] thread 21: stopping connection
2026-05-09T23:15:22.907+0800 [DEBUG] [org.gradle.cache.internal.locklistener.DefaultFileLockCommunicator] Confirming unlock request to process at port 64026 for lock with id -808269035342189311.
2026-05-09T23:15:22.907+0800 [DEBUG] [org.gradle.cache.internal.LockOnDemandCrossProcessCacheAccess] Lock on journal cache (E:\#SavedFiles\EndlessCityCore\ProjectCode\EndlessCityCore\caches\journal-1) requested by another process - lock is in use and will be released when operation completed.
2026-05-09T23:15:23.060+0800 [DEBUG] [org.gradle.cache.internal.LockOnDemandCrossProcessCacheAccess] Releasing file lock for journal cache (E:\#SavedFiles\EndlessCityCore\ProjectCode\EndlessCityCore\caches\journal-1)
2026-05-09T23:15:23.061+0800 [DEBUG] [org.gradle.cache.internal.btree.BTreePersistentIndexedCache] Closing cache file-access.bin (E:\#SavedFiles\EndlessCityCore\ProjectCode\EndlessCityCore\caches\journal-1\file-access.bin)
2026-05-09T23:15:23.061+0800 [DEBUG] [org.gradle.cache.internal.DefaultFileLockManager] Releasing lock on journal cache (E:\#SavedFiles\EndlessCityCore\ProjectCode\EndlessCityCore\caches\journal-1).
2026-05-09T23:15:23.061+0800 [DEBUG] [org.gradle.cache.internal.locklistener.DefaultFileLockCommunicator] Confirming lock release to process at port 64026 for lock with id -808269035342189311.
2026-05-09T23:15:23.941+0800 [DEBUG] [org.gradle.cache.internal.LockOnDemandCrossProcessCacheAccess] Lock on cache directory 7d3da8e52f215d72a0a4f0ad2cc2bb3a (E:\#SavedFiles\EndlessCityCore\ProjectCode\EndlessCityCore\caches\9.3.1\groovy-dsl\7d3da8e52f215d72a0a4f0ad2cc2bb3a) requested by another process - releasing lock.
2026-05-09T23:15:23.941+0800 [DEBUG] [org.gradle.cache.internal.LockOnDemandCrossProcessCacheAccess] Releasing file lock for cache directory 7d3da8e52f215d72a0a4f0ad2cc2bb3a (E:\#SavedFiles\EndlessCityCore\ProjectCode\EndlessCityCore\caches\9.3.1\groovy-dsl\7d3da8e52f215d72a0a4f0ad2cc2bb3a)
2026-05-09T23:15:23.941+0800 [DEBUG] [org.gradle.cache.internal.locklistener.DefaultFileLockCommunicator] Confirming unlock request to process at port 64026 for lock with id -7006427196585713806.
2026-05-09T23:15:23.941+0800 [DEBUG] [org.gradle.cache.internal.DefaultFileLockManager] Releasing lock on cache directory 7d3da8e52f215d72a0a4f0ad2cc2bb3a (E:\#SavedFiles\EndlessCityCore\ProjectCode\EndlessCityCore\caches\9.3.1\groovy-dsl\7d3da8e52f215d72a0a4f0ad2cc2bb3a).
2026-05-09T23:15:23.941+0800 [DEBUG] [org.gradle.cache.internal.locklistener.DefaultFileLockCommunicator] Confirming lock release to process at port 64026 for lock with id -7006427196585713806.
2026-05-09T23:15:24.019+0800 [DEBUG] [org.gradle.cache.internal.locklistener.DefaultFileLockCommunicator] Confirming unlock request to process at port 64026 for lock with id 4781185628713357904.
2026-05-09T23:15:24.019+0800 [DEBUG] [org.gradle.cache.internal.LockOnDemandCrossProcessCacheAccess] Lock on artifact cache (E:\#SavedFiles\EndlessCityCore\ProjectCode\EndlessCityCore\caches\modules-2) requested by another process - releasing lock.
2026-05-09T23:15:24.019+0800 [DEBUG] [org.gradle.cache.internal.LockOnDemandCrossProcessCacheAccess] Releasing file lock for artifact cache (E:\#SavedFiles\EndlessCityCore\ProjectCode\EndlessCityCore\caches\modules-2)
2026-05-09T23:15:24.019+0800 [DEBUG] [org.gradle.cache.internal.btree.BTreePersistentIndexedCache] Closing cache module-artifact.bin (E:\#SavedFiles\EndlessCityCore\ProjectCode\EndlessCityCore\caches\modules-2\metadata-2.107\module-artifact.bin)
2026-05-09T23:15:24.019+0800 [DEBUG] [org.gradle.cache.internal.btree.BTreePersistentIndexedCache] Closing cache module-metadata.bin (E:\#SavedFiles\EndlessCityCore\ProjectCode\EndlessCityCore\caches\modules-2\metadata-2.107\module-metadata.bin)
2026-05-09T23:15:24.020+0800 [DEBUG] [org.gradle.cache.internal.DefaultFileLockManager] Releasing lock on artifact cache (E:\#SavedFiles\EndlessCityCore\ProjectCode\EndlessCityCore\caches\modules-2).
2026-05-09T23:15:24.020+0800 [DEBUG] [org.gradle.cache.internal.locklistener.DefaultFileLockCommunicator] Confirming lock release to process at port 64026 for lock with id 4781185628713357904.
2026-05-09T23:15:24.073+0800 [DEBUG] [org.gradle.cache.internal.locklistener.DefaultFileLockCommunicator] Confirming unlock request to process at port 64026 for lock with id -5498510641531076985.
2026-05-09T23:15:24.073+0800 [DEBUG] [org.gradle.cache.internal.LockOnDemandCrossProcessCacheAccess] Lock on cache directory e3d8514d507420dc8d43f1d71aa0dbbd (E:\#SavedFiles\EndlessCityCore\ProjectCode\EndlessCityCore\caches\9.3.1\transforms\e3d8514d507420dc8d43f1d71aa0dbbd) requested by another process - releasing lock.
2026-05-09T23:15:24.073+0800 [DEBUG] [org.gradle.cache.internal.LockOnDemandCrossProcessCacheAccess] Releasing file lock for cache directory e3d8514d507420dc8d43f1d71aa0dbbd (E:\#SavedFiles\EndlessCityCore\ProjectCode\EndlessCityCore\caches\9.3.1\transforms\e3d8514d507420dc8d43f1d71aa0dbbd)
2026-05-09T23:15:24.073+0800 [DEBUG] [org.gradle.cache.internal.DefaultFileLockManager] Releasing lock on cache directory e3d8514d507420dc8d43f1d71aa0dbbd (E:\#SavedFiles\EndlessCityCore\ProjectCode\EndlessCityCore\caches\9.3.1\transforms\e3d8514d507420dc8d43f1d71aa0dbbd).
2026-05-09T23:15:24.073+0800 [DEBUG] [org.gradle.cache.internal.locklistener.DefaultFileLockCommunicator] Confirming lock release to process at port 64026 for lock with id -5498510641531076985.
2026-05-09T23:15:24.079+0800 [DEBUG] [org.gradle.cache.internal.locklistener.DefaultFileLockCommunicator] Confirming unlock request to process at port 64026 for lock with id -1425524771395242850.
2026-05-09T23:15:24.079+0800 [DEBUG] [org.gradle.cache.internal.LockOnDemandCrossProcessCacheAccess] Lock on cache directory f5318b4a93c737acda391f9c8934f213 (E:\#SavedFiles\EndlessCityCore\ProjectCode\EndlessCityCore\caches\9.3.1\transforms\f5318b4a93c737acda391f9c8934f213) requested by another process - releasing lock.
2026-05-09T23:15:24.079+0800 [DEBUG] [org.gradle.cache.internal.LockOnDemandCrossProcessCacheAccess] Releasing file lock for cache directory f5318b4a93c737acda391f9c8934f213 (E:\#SavedFiles\EndlessCityCore\ProjectCode\EndlessCityCore\caches\9.3.1\transforms\f5318b4a93c737acda391f9c8934f213)
2026-05-09T23:15:24.079+0800 [DEBUG] [org.gradle.cache.internal.DefaultFileLockManager] Releasing lock on cache directory f5318b4a93c737acda391f9c8934f213 (E:\#SavedFiles\EndlessCityCore\ProjectCode\EndlessCityCore\caches\9.3.1\transforms\f5318b4a93c737acda391f9c8934f213).
2026-05-09T23:15:24.079+0800 [DEBUG] [org.gradle.cache.internal.locklistener.DefaultFileLockCommunicator] Confirming lock release to process at port 64026 for lock with id -1425524771395242850.
2026-05-09T23:15:24.084+0800 [DEBUG] [org.gradle.cache.internal.locklistener.DefaultFileLockCommunicator] Confirming unlock request to process at port 64026 for lock with id -2879793174323528896.
2026-05-09T23:15:24.084+0800 [DEBUG] [org.gradle.cache.internal.LockOnDemandCrossProcessCacheAccess] Lock on cache directory 15fe6f569be5c96517fdce8f8351b6a9 (E:\#SavedFiles\EndlessCityCore\ProjectCode\EndlessCityCore\caches\9.3.1\transforms\15fe6f569be5c96517fdce8f8351b6a9) requested by another process - releasing lock.
2026-05-09T23:15:24.084+0800 [DEBUG] [org.gradle.cache.internal.LockOnDemandCrossProcessCacheAccess] Releasing file lock for cache directory 15fe6f569be5c96517fdce8f8351b6a9 (E:\#SavedFiles\EndlessCityCore\ProjectCode\EndlessCityCore\caches\9.3.1\transforms\15fe6f569be5c96517fdce8f8351b6a9)
2026-05-09T23:15:24.084+0800 [DEBUG] [org.gradle.cache.internal.DefaultFileLockManager] Releasing lock on cache directory 15fe6f569be5c96517fdce8f8351b6a9 (E:\#SavedFiles\EndlessCityCore\ProjectCode\EndlessCityCore\caches\9.3.1\transforms\15fe6f569be5c96517fdce8f8351b6a9).
2026-05-09T23:15:24.084+0800 [DEBUG] [org.gradle.cache.internal.locklistener.DefaultFileLockCommunicator] Confirming lock release to process at port 64026 for lock with id -2879793174323528896.
2026-05-09T23:15:24.089+0800 [DEBUG] [org.gradle.cache.internal.locklistener.DefaultFileLockCommunicator] Confirming unlock request to process at port 64026 for lock with id -8600686162559951043.
2026-05-09T23:15:24.089+0800 [DEBUG] [org.gradle.cache.internal.LockOnDemandCrossProcessCacheAccess] Lock on cache directory 832ba5d4ff0237776bf5c9c2b7a3d4d8 (E:\#SavedFiles\EndlessCityCore\ProjectCode\EndlessCityCore\caches\9.3.1\transforms\832ba5d4ff0237776bf5c9c2b7a3d4d8) requested by another process - releasing lock.
2026-05-09T23:15:24.089+0800 [DEBUG] [org.gradle.cache.internal.LockOnDemandCrossProcessCacheAccess] Releasing file lock for cache directory 832ba5d4ff0237776bf5c9c2b7a3d4d8 (E:\#SavedFiles\EndlessCityCore\ProjectCode\EndlessCityCore\caches\9.3.1\transforms\832ba5d4ff0237776bf5c9c2b7a3d4d8)
2026-05-09T23:15:24.089+0800 [DEBUG] [org.gradle.cache.internal.DefaultFileLockManager] Releasing lock on cache directory 832ba5d4ff0237776bf5c9c2b7a3d4d8 (E:\#SavedFiles\EndlessCityCore\ProjectCode\EndlessCityCore\caches\9.3.1\transforms\832ba5d4ff0237776bf5c9c2b7a3d4d8).
2026-05-09T23:15:24.089+0800 [DEBUG] [org.gradle.cache.internal.locklistener.DefaultFileLockCommunicator] Confirming lock release to process at port 64026 for lock with id -8600686162559951043.
2026-05-09T23:15:24.094+0800 [DEBUG] [org.gradle.cache.internal.LockOnDemandCrossProcessCacheAccess] Lock on cache directory 79d9e0b978eb7a4b92b9a1f34f1d661d (E:\#SavedFiles\EndlessCityCore\ProjectCode\EndlessCityCore\caches\9.3.1\transforms\79d9e0b978eb7a4b92b9a1f34f1d661d) requested by another process - releasing lock.
2026-05-09T23:15:24.094+0800 [DEBUG] [org.gradle.cache.internal.LockOnDemandCrossProcessCacheAccess] Releasing file lock for cache directory 79d9e0b978eb7a4b92b9a1f34f1d661d (E:\#SavedFiles\EndlessCityCore\ProjectCode\EndlessCityCore\caches\9.3.1\transforms\79d9e0b978eb7a4b92b9a1f34f1d661d)
2026-05-09T23:15:24.094+0800 [DEBUG] [org.gradle.cache.internal.locklistener.DefaultFileLockCommunicator] Confirming unlock request to process at port 64026 for lock with id 879340411960607572.
2026-05-09T23:15:24.095+0800 [DEBUG] [org.gradle.cache.internal.DefaultFileLockManager] Releasing lock on cache directory 79d9e0b978eb7a4b92b9a1f34f1d661d (E:\#SavedFiles\EndlessCityCore\ProjectCode\EndlessCityCore\caches\9.3.1\transforms\79d9e0b978eb7a4b92b9a1f34f1d661d).
2026-05-09T23:15:24.095+0800 [DEBUG] [org.gradle.cache.internal.locklistener.DefaultFileLockCommunicator] Confirming lock release to process at port 64026 for lock with id 879340411960607572.
2026-05-09T23:15:24.101+0800 [DEBUG] [org.gradle.cache.internal.LockOnDemandCrossProcessCacheAccess] Lock on cache directory 7627564d8e854d1be49adaf62f0eb417 (E:\#SavedFiles\EndlessCityCore\ProjectCode\EndlessCityCore\caches\9.3.1\transforms\7627564d8e854d1be49adaf62f0eb417) requested by another process - releasing lock.
2026-05-09T23:15:24.101+0800 [DEBUG] [org.gradle.cache.internal.LockOnDemandCrossProcessCacheAccess] Releasing file lock for cache directory 7627564d8e854d1be49adaf62f0eb417 (E:\#SavedFiles\EndlessCityCore\ProjectCode\EndlessCityCore\caches\9.3.1\transforms\7627564d8e854d1be49adaf62f0eb417)
2026-05-09T23:15:24.101+0800 [DEBUG] [org.gradle.cache.internal.locklistener.DefaultFileLockCommunicator] Confirming unlock request to process at port 64026 for lock with id 5285526668526646899.
2026-05-09T23:15:24.101+0800 [DEBUG] [org.gradle.cache.internal.DefaultFileLockManager] Releasing lock on cache directory 7627564d8e854d1be49adaf62f0eb417 (E:\#SavedFiles\EndlessCityCore\ProjectCode\EndlessCityCore\caches\9.3.1\transforms\7627564d8e854d1be49adaf62f0eb417).
2026-05-09T23:15:24.101+0800 [DEBUG] [org.gradle.cache.internal.locklistener.DefaultFileLockCommunicator] Confirming lock release to process at port 64026 for lock with id 5285526668526646899.
2026-05-09T23:15:24.109+0800 [DEBUG] [org.gradle.cache.internal.locklistener.DefaultFileLockCommunicator] Confirming unlock request to process at port 64026 for lock with id 7196702190385293459.
2026-05-09T23:15:24.109+0800 [DEBUG] [org.gradle.cache.internal.LockOnDemandCrossProcessCacheAccess] Lock on cache directory b016b0358743392564d458a3ab571dd4 (E:\#SavedFiles\EndlessCityCore\ProjectCode\EndlessCityCore\caches\9.3.1\transforms\b016b0358743392564d458a3ab571dd4) requested by another process - releasing lock.
2026-05-09T23:15:24.109+0800 [DEBUG] [org.gradle.cache.internal.LockOnDemandCrossProcessCacheAccess] Releasing file lock for cache directory b016b0358743392564d458a3ab571dd4 (E:\#SavedFiles\EndlessCityCore\ProjectCode\EndlessCityCore\caches\9.3.1\transforms\b016b0358743392564d458a3ab571dd4)
2026-05-09T23:15:24.109+0800 [DEBUG] [org.gradle.cache.internal.DefaultFileLockManager] Releasing lock on cache directory b016b0358743392564d458a3ab571dd4 (E:\#SavedFiles\EndlessCityCore\ProjectCode\EndlessCityCore\caches\9.3.1\transforms\b016b0358743392564d458a3ab571dd4).
2026-05-09T23:15:24.109+0800 [DEBUG] [org.gradle.cache.internal.locklistener.DefaultFileLockCommunicator] Confirming lock release to process at port 64026 for lock with id 7196702190385293459.
2026-05-09T23:15:24.137+0800 [DEBUG] [org.gradle.cache.internal.locklistener.DefaultFileLockCommunicator] Confirming unlock request to process at port 64026 for lock with id 3956820551596321118.
2026-05-09T23:15:24.137+0800 [DEBUG] [org.gradle.cache.internal.LockOnDemandCrossProcessCacheAccess] Lock on cache directory 46803874a8aba063fbc9807535ccb072 (E:\#SavedFiles\EndlessCityCore\ProjectCode\EndlessCityCore\caches\9.3.1\groovy-dsl\46803874a8aba063fbc9807535ccb072) requested by another process - releasing lock.
2026-05-09T23:15:24.137+0800 [DEBUG] [org.gradle.cache.internal.LockOnDemandCrossProcessCacheAccess] Releasing file lock for cache directory 46803874a8aba063fbc9807535ccb072 (E:\#SavedFiles\EndlessCityCore\ProjectCode\EndlessCityCore\caches\9.3.1\groovy-dsl\46803874a8aba063fbc9807535ccb072)
2026-05-09T23:15:24.137+0800 [DEBUG] [org.gradle.cache.internal.DefaultFileLockManager] Releasing lock on cache directory 46803874a8aba063fbc9807535ccb072 (E:\#SavedFiles\EndlessCityCore\ProjectCode\EndlessCityCore\caches\9.3.1\groovy-dsl\46803874a8aba063fbc9807535ccb072).
2026-05-09T23:15:24.137+0800 [DEBUG] [org.gradle.cache.internal.locklistener.DefaultFileLockCommunicator] Confirming lock release to process at port 64026 for lock with id 3956820551596321118.
2026-05-09T23:15:24.588+0800 [DEBUG] [org.gradle.cache.internal.LockOnDemandCrossProcessCacheAccess] Lock on cache directory 05f86463b2e31cfcb4f5040c0c648c9c (E:\#SavedFiles\EndlessCityCore\ProjectCode\EndlessCityCore\caches\9.3.1\groovy-dsl\05f86463b2e31cfcb4f5040c0c648c9c) requested by another process - releasing lock.
2026-05-09T23:15:24.588+0800 [DEBUG] [org.gradle.cache.internal.LockOnDemandCrossProcessCacheAccess] Releasing file lock for cache directory 05f86463b2e31cfcb4f5040c0c648c9c (E:\#SavedFiles\EndlessCityCore\ProjectCode\EndlessCityCore\caches\9.3.1\groovy-dsl\05f86463b2e31cfcb4f5040c0c648c9c)
2026-05-09T23:15:24.588+0800 [DEBUG] [org.gradle.cache.internal.locklistener.DefaultFileLockCommunicator] Confirming unlock request to process at port 64026 for lock with id 9025268156353461359.
2026-05-09T23:15:24.588+0800 [DEBUG] [org.gradle.cache.internal.DefaultFileLockManager] Releasing lock on cache directory 05f86463b2e31cfcb4f5040c0c648c9c (E:\#SavedFiles\EndlessCityCore\ProjectCode\EndlessCityCore\caches\9.3.1\groovy-dsl\05f86463b2e31cfcb4f5040c0c648c9c).
2026-05-09T23:15:24.589+0800 [DEBUG] [org.gradle.cache.internal.locklistener.DefaultFileLockCommunicator] Confirming lock release to process at port 64026 for lock with id 9025268156353461359.
2026-05-09T23:15:24.688+0800 [DEBUG] [org.gradle.cache.internal.LockOnDemandCrossProcessCacheAccess] Lock on cache directory 7fd2b2aa1017d3bb4756df76f60e341e (E:\#SavedFiles\EndlessCityCore\ProjectCode\EndlessCityCore\caches\9.3.1\transforms\7fd2b2aa1017d3bb4756df76f60e341e) requested by another process - releasing lock.
2026-05-09T23:15:24.688+0800 [DEBUG] [org.gradle.cache.internal.LockOnDemandCrossProcessCacheAccess] Releasing file lock for cache directory 7fd2b2aa1017d3bb4756df76f60e341e (E:\#SavedFiles\EndlessCityCore\ProjectCode\EndlessCityCore\caches\9.3.1\transforms\7fd2b2aa1017d3bb4756df76f60e341e)
2026-05-09T23:15:24.688+0800 [DEBUG] [org.gradle.cache.internal.locklistener.DefaultFileLockCommunicator] Confirming unlock request to process at port 64026 for lock with id -3213853149819029112.
2026-05-09T23:15:24.688+0800 [DEBUG] [org.gradle.cache.internal.DefaultFileLockManager] Releasing lock on cache directory 7fd2b2aa1017d3bb4756df76f60e341e (E:\#SavedFiles\EndlessCityCore\ProjectCode\EndlessCityCore\caches\9.3.1\transforms\7fd2b2aa1017d3bb4756df76f60e341e).
2026-05-09T23:15:24.688+0800 [DEBUG] [org.gradle.cache.internal.locklistener.DefaultFileLockCommunicator] Confirming unlock request to process at port 64026 for lock with id 1686326292172843664.
2026-05-09T23:15:24.688+0800 [DEBUG] [org.gradle.cache.internal.LockOnDemandCrossProcessCacheAccess] Lock on cache directory f7dfc391e7d40d706aaf7083e5e220f3 (E:\#SavedFiles\EndlessCityCore\ProjectCode\EndlessCityCore\caches\9.3.1\transforms\f7dfc391e7d40d706aaf7083e5e220f3) requested by another process - releasing lock.
2026-05-09T23:15:24.688+0800 [DEBUG] [org.gradle.cache.internal.LockOnDemandCrossProcessCacheAccess] Lock on cache directory 5c72cda90e58705ef8291ca73cf6d802 (E:\#SavedFiles\EndlessCityCore\ProjectCode\EndlessCityCore\caches\9.3.1\transforms\5c72cda90e58705ef8291ca73cf6d802) requested by another process - releasing lock.
2026-05-09T23:15:24.688+0800 [DEBUG] [org.gradle.cache.internal.locklistener.DefaultFileLockCommunicator] Confirming unlock request to process at port 64026 for lock with id -9014041696920647911.
2026-05-09T23:15:24.688+0800 [DEBUG] [org.gradle.cache.internal.LockOnDemandCrossProcessCacheAccess] Releasing file lock for cache directory 5c72cda90e58705ef8291ca73cf6d802 (E:\#SavedFiles\EndlessCityCore\ProjectCode\EndlessCityCore\caches\9.3.1\transforms\5c72cda90e58705ef8291ca73cf6d802)
2026-05-09T23:15:24.689+0800 [DEBUG] [org.gradle.cache.internal.DefaultFileLockManager] Releasing lock on cache directory 5c72cda90e58705ef8291ca73cf6d802 (E:\#SavedFiles\EndlessCityCore\ProjectCode\EndlessCityCore\caches\9.3.1\transforms\5c72cda90e58705ef8291ca73cf6d802).
2026-05-09T23:15:24.688+0800 [DEBUG] [org.gradle.cache.internal.LockOnDemandCrossProcessCacheAccess] Releasing file lock for cache directory f7dfc391e7d40d706aaf7083e5e220f3 (E:\#SavedFiles\EndlessCityCore\ProjectCode\EndlessCityCore\caches\9.3.1\transforms\f7dfc391e7d40d706aaf7083e5e220f3)
2026-05-09T23:15:24.689+0800 [DEBUG] [org.gradle.cache.internal.LockOnDemandCrossProcessCacheAccess] Lock on cache directory 174265d4d13baa25cca6eafb74d25626 (E:\#SavedFiles\EndlessCityCore\ProjectCode\EndlessCityCore\caches\9.3.1\transforms\174265d4d13baa25cca6eafb74d25626) requested by another process - releasing lock.
2026-05-09T23:15:24.689+0800 [DEBUG] [org.gradle.cache.internal.LockOnDemandCrossProcessCacheAccess] Releasing file lock for cache directory 174265d4d13baa25cca6eafb74d25626 (E:\#SavedFiles\EndlessCityCore\ProjectCode\EndlessCityCore\caches\9.3.1\transforms\174265d4d13baa25cca6eafb74d25626)
2026-05-09T23:15:24.689+0800 [DEBUG] [org.gradle.cache.internal.DefaultFileLockManager] Releasing lock on cache directory 174265d4d13baa25cca6eafb74d25626 (E:\#SavedFiles\EndlessCityCore\ProjectCode\EndlessCityCore\caches\9.3.1\transforms\174265d4d13baa25cca6eafb74d25626).
2026-05-09T23:15:24.689+0800 [DEBUG] [org.gradle.cache.internal.locklistener.DefaultFileLockCommunicator] Confirming lock release to process at port 64026 for lock with id -3213853149819029112.
2026-05-09T23:15:24.688+0800 [DEBUG] [org.gradle.cache.internal.locklistener.DefaultFileLockCommunicator] Confirming unlock request to process at port 64026 for lock with id -5389296876230223676.
2026-05-09T23:15:24.689+0800 [DEBUG] [org.gradle.cache.internal.DefaultFileLockManager] Releasing lock on cache directory f7dfc391e7d40d706aaf7083e5e220f3 (E:\#SavedFiles\EndlessCityCore\ProjectCode\EndlessCityCore\caches\9.3.1\transforms\f7dfc391e7d40d706aaf7083e5e220f3).
2026-05-09T23:15:24.689+0800 [DEBUG] [org.gradle.cache.internal.locklistener.DefaultFileLockCommunicator] Confirming lock release to process at port 64026 for lock with id -9014041696920647911.
2026-05-09T23:15:24.689+0800 [DEBUG] [org.gradle.cache.internal.locklistener.DefaultFileLockCommunicator] Confirming lock release to process at port 64026 for lock with id -5389296876230223676.
2026-05-09T23:15:24.689+0800 [DEBUG] [org.gradle.cache.internal.locklistener.DefaultFileLockCommunicator] Confirming lock release to process at port 64026 for lock with id 1686326292172843664.
2026-05-09T23:15:24.699+0800 [DEBUG] [org.gradle.cache.internal.locklistener.DefaultFileLockCommunicator] Confirming unlock request to process at port 64026 for lock with id -5605240957590123952.
2026-05-09T23:15:24.699+0800 [DEBUG] [org.gradle.cache.internal.LockOnDemandCrossProcessCacheAccess] Lock on cache directory 668f51466042671f5e722dacbb769e5c (E:\#SavedFiles\EndlessCityCore\ProjectCode\EndlessCityCore\caches\9.3.1\transforms\668f51466042671f5e722dacbb769e5c) requested by another process - releasing lock.
2026-05-09T23:15:24.699+0800 [DEBUG] [org.gradle.cache.internal.LockOnDemandCrossProcessCacheAccess] Releasing file lock for cache directory 668f51466042671f5e722dacbb769e5c (E:\#SavedFiles\EndlessCityCore\ProjectCode\EndlessCityCore\caches\9.3.1\transforms\668f51466042671f5e722dacbb769e5c)
2026-05-09T23:15:24.699+0800 [DEBUG] [org.gradle.cache.internal.DefaultFileLockManager] Releasing lock on cache directory 668f51466042671f5e722dacbb769e5c (E:\#SavedFiles\EndlessCityCore\ProjectCode\EndlessCityCore\caches\9.3.1\transforms\668f51466042671f5e722dacbb769e5c).
2026-05-09T23:15:24.699+0800 [DEBUG] [org.gradle.cache.internal.locklistener.DefaultFileLockCommunicator] Confirming lock release to process at port 64026 for lock with id -5605240957590123952.
2026-05-09T23:15:24.705+0800 [DEBUG] [org.gradle.cache.internal.locklistener.DefaultFileLockCommunicator] Confirming unlock request to process at port 64026 for lock with id -3939865826566948601.
2026-05-09T23:15:24.705+0800 [DEBUG] [org.gradle.cache.internal.LockOnDemandCrossProcessCacheAccess] Lock on cache directory e48d323bcab0ad27aa3add17ed5220e1 (E:\#SavedFiles\EndlessCityCore\ProjectCode\EndlessCityCore\caches\9.3.1\transforms\e48d323bcab0ad27aa3add17ed5220e1) requested by another process - releasing lock.
2026-05-09T23:15:24.706+0800 [DEBUG] [org.gradle.cache.internal.LockOnDemandCrossProcessCacheAccess] Releasing file lock for cache directory e48d323bcab0ad27aa3add17ed5220e1 (E:\#SavedFiles\EndlessCityCore\ProjectCode\EndlessCityCore\caches\9.3.1\transforms\e48d323bcab0ad27aa3add17ed5220e1)
2026-05-09T23:15:24.706+0800 [DEBUG] [org.gradle.cache.internal.LockOnDemandCrossProcessCacheAccess] Lock on cache directory 9046921f5382d363aca71d38d94bf059 (E:\#SavedFiles\EndlessCityCore\ProjectCode\EndlessCityCore\caches\9.3.1\transforms\9046921f5382d363aca71d38d94bf059) requested by another process - releasing lock.
2026-05-09T23:15:24.706+0800 [DEBUG] [org.gradle.cache.internal.locklistener.DefaultFileLockCommunicator] Confirming unlock request to process at port 64026 for lock with id 34638724301451187.
2026-05-09T23:15:24.706+0800 [DEBUG] [org.gradle.cache.internal.LockOnDemandCrossProcessCacheAccess] Releasing file lock for cache directory 9046921f5382d363aca71d38d94bf059 (E:\#SavedFiles\EndlessCityCore\ProjectCode\EndlessCityCore\caches\9.3.1\transforms\9046921f5382d363aca71d38d94bf059)
2026-05-09T23:15:24.706+0800 [DEBUG] [org.gradle.cache.internal.LockOnDemandCrossProcessCacheAccess] Lock on cache directory efa5d2f67e19471fb56c86d3ad96767e (E:\#SavedFiles\EndlessCityCore\ProjectCode\EndlessCityCore\caches\9.3.1\transforms\efa5d2f67e19471fb56c86d3ad96767e) requested by another process - releasing lock.
2026-05-09T23:15:24.706+0800 [DEBUG] [org.gradle.cache.internal.LockOnDemandCrossProcessCacheAccess] Releasing file lock for cache directory efa5d2f67e19471fb56c86d3ad96767e (E:\#SavedFiles\EndlessCityCore\ProjectCode\EndlessCityCore\caches\9.3.1\transforms\efa5d2f67e19471fb56c86d3ad96767e)
2026-05-09T23:15:24.706+0800 [DEBUG] [org.gradle.cache.internal.DefaultFileLockManager] Releasing lock on cache directory e48d323bcab0ad27aa3add17ed5220e1 (E:\#SavedFiles\EndlessCityCore\ProjectCode\EndlessCityCore\caches\9.3.1\transforms\e48d323bcab0ad27aa3add17ed5220e1).
2026-05-09T23:15:24.706+0800 [DEBUG] [org.gradle.cache.internal.DefaultFileLockManager] Releasing lock on cache directory efa5d2f67e19471fb56c86d3ad96767e (E:\#SavedFiles\EndlessCityCore\ProjectCode\EndlessCityCore\caches\9.3.1\transforms\efa5d2f67e19471fb56c86d3ad96767e).
2026-05-09T23:15:24.706+0800 [DEBUG] [org.gradle.cache.internal.DefaultFileLockManager] Releasing lock on cache directory 9046921f5382d363aca71d38d94bf059 (E:\#SavedFiles\EndlessCityCore\ProjectCode\EndlessCityCore\caches\9.3.1\transforms\9046921f5382d363aca71d38d94bf059).
2026-05-09T23:15:24.706+0800 [DEBUG] [org.gradle.cache.internal.locklistener.DefaultFileLockCommunicator] Confirming unlock request to process at port 64026 for lock with id 5169854746518538499.
2026-05-09T23:15:24.707+0800 [DEBUG] [org.gradle.cache.internal.locklistener.DefaultFileLockCommunicator] Confirming unlock request to process at port 64026 for lock with id -3856824293512120553.
2026-05-09T23:15:24.707+0800 [DEBUG] [org.gradle.cache.internal.locklistener.DefaultFileLockCommunicator] Confirming lock release to process at port 64026 for lock with id -3939865826566948601.
2026-05-09T23:15:24.707+0800 [DEBUG] [org.gradle.cache.internal.LockOnDemandCrossProcessCacheAccess] Lock on cache directory b2c00e6d57039ba709deeca4788502f7 (E:\#SavedFiles\EndlessCityCore\ProjectCode\EndlessCityCore\caches\9.3.1\transforms\b2c00e6d57039ba709deeca4788502f7) requested by another process - releasing lock.
2026-05-09T23:15:24.707+0800 [DEBUG] [org.gradle.cache.internal.locklistener.DefaultFileLockCommunicator] Confirming lock release to process at port 64026 for lock with id 5169854746518538499.
2026-05-09T23:15:24.707+0800 [DEBUG] [org.gradle.cache.internal.locklistener.DefaultFileLockCommunicator] Confirming lock release to process at port 64026 for lock with id 34638724301451187.
2026-05-09T23:15:24.707+0800 [DEBUG] [org.gradle.cache.internal.LockOnDemandCrossProcessCacheAccess] Releasing file lock for cache directory b2c00e6d57039ba709deeca4788502f7 (E:\#SavedFiles\EndlessCityCore\ProjectCode\EndlessCityCore\caches\9.3.1\transforms\b2c00e6d57039ba709deeca4788502f7)
2026-05-09T23:15:24.707+0800 [DEBUG] [org.gradle.cache.internal.DefaultFileLockManager] Releasing lock on cache directory b2c00e6d57039ba709deeca4788502f7 (E:\#SavedFiles\EndlessCityCore\ProjectCode\EndlessCityCore\caches\9.3.1\transforms\b2c00e6d57039ba709deeca4788502f7).
2026-05-09T23:15:24.707+0800 [DEBUG] [org.gradle.cache.internal.locklistener.DefaultFileLockCommunicator] Confirming lock release to process at port 64026 for lock with id -3856824293512120553.
2026-05-09T23:15:24.714+0800 [DEBUG] [org.gradle.cache.internal.LockOnDemandCrossProcessCacheAccess] Lock on cache directory dfdd5f99a09cb07517471475b751a4b6 (E:\#SavedFiles\EndlessCityCore\ProjectCode\EndlessCityCore\caches\9.3.1\transforms\dfdd5f99a09cb07517471475b751a4b6) requested by another process - releasing lock.
2026-05-09T23:15:24.714+0800 [DEBUG] [org.gradle.cache.internal.LockOnDemandCrossProcessCacheAccess] Releasing file lock for cache directory dfdd5f99a09cb07517471475b751a4b6 (E:\#SavedFiles\EndlessCityCore\ProjectCode\EndlessCityCore\caches\9.3.1\transforms\dfdd5f99a09cb07517471475b751a4b6)
2026-05-09T23:15:24.714+0800 [DEBUG] [org.gradle.cache.internal.locklistener.DefaultFileLockCommunicator] Confirming unlock request to process at port 64026 for lock with id 4460304579644388744.
2026-05-09T23:15:24.714+0800 [DEBUG] [org.gradle.cache.internal.DefaultFileLockManager] Releasing lock on cache directory dfdd5f99a09cb07517471475b751a4b6 (E:\#SavedFiles\EndlessCityCore\ProjectCode\EndlessCityCore\caches\9.3.1\transforms\dfdd5f99a09cb07517471475b751a4b6).
2026-05-09T23:15:24.714+0800 [DEBUG] [org.gradle.cache.internal.locklistener.DefaultFileLockCommunicator] Confirming unlock request to process at port 64026 for lock with id -3435931782560197615.
2026-05-09T23:15:24.714+0800 [DEBUG] [org.gradle.cache.internal.LockOnDemandCrossProcessCacheAccess] Lock on cache directory 9238e114b3fd535a5bd9fd12d852d38f (E:\#SavedFiles\EndlessCityCore\ProjectCode\EndlessCityCore\caches\9.3.1\transforms\9238e114b3fd535a5bd9fd12d852d38f) requested by another process - releasing lock.
2026-05-09T23:15:24.714+0800 [DEBUG] [org.gradle.cache.internal.LockOnDemandCrossProcessCacheAccess] Lock on cache directory 956ae76463b65f5f5b618669f6aa1cf3 (E:\#SavedFiles\EndlessCityCore\ProjectCode\EndlessCityCore\caches\9.3.1\transforms\956ae76463b65f5f5b618669f6aa1cf3) requested by another process - releasing lock.
2026-05-09T23:15:24.714+0800 [DEBUG] [org.gradle.cache.internal.locklistener.DefaultFileLockCommunicator] Confirming unlock request to process at port 64026 for lock with id -7982382472475706247.
2026-05-09T23:15:24.714+0800 [DEBUG] [org.gradle.cache.internal.LockOnDemandCrossProcessCacheAccess] Releasing file lock for cache directory 956ae76463b65f5f5b618669f6aa1cf3 (E:\#SavedFiles\EndlessCityCore\ProjectCode\EndlessCityCore\caches\9.3.1\transforms\956ae76463b65f5f5b618669f6aa1cf3)
2026-05-09T23:15:24.714+0800 [DEBUG] [org.gradle.cache.internal.LockOnDemandCrossProcessCacheAccess] Releasing file lock for cache directory 9238e114b3fd535a5bd9fd12d852d38f (E:\#SavedFiles\EndlessCityCore\ProjectCode\EndlessCityCore\caches\9.3.1\transforms\9238e114b3fd535a5bd9fd12d852d38f)
2026-05-09T23:15:24.714+0800 [DEBUG] [org.gradle.cache.internal.DefaultFileLockManager] Releasing lock on cache directory 956ae76463b65f5f5b618669f6aa1cf3 (E:\#SavedFiles\EndlessCityCore\ProjectCode\EndlessCityCore\caches\9.3.1\transforms\956ae76463b65f5f5b618669f6aa1cf3).
2026-05-09T23:15:24.714+0800 [DEBUG] [org.gradle.cache.internal.LockOnDemandCrossProcessCacheAccess] Lock on cache directory a0cce9f52f465707762c395ebf5eebfd (E:\#SavedFiles\EndlessCityCore\ProjectCode\EndlessCityCore\caches\9.3.1\transforms\a0cce9f52f465707762c395ebf5eebfd) requested by another process - releasing lock.
2026-05-09T23:15:24.714+0800 [DEBUG] [org.gradle.cache.internal.locklistener.DefaultFileLockCommunicator] Confirming unlock request to process at port 64026 for lock with id 6507573641764345599.
2026-05-09T23:15:24.714+0800 [DEBUG] [org.gradle.cache.internal.locklistener.DefaultFileLockCommunicator] Confirming lock release to process at port 64026 for lock with id 4460304579644388744.
2026-05-09T23:15:24.715+0800 [DEBUG] [org.gradle.cache.internal.locklistener.DefaultFileLockCommunicator] Confirming lock release to process at port 64026 for lock with id -7982382472475706247.
2026-05-09T23:15:24.715+0800 [DEBUG] [org.gradle.cache.internal.LockOnDemandCrossProcessCacheAccess] Releasing file lock for cache directory a0cce9f52f465707762c395ebf5eebfd (E:\#SavedFiles\EndlessCityCore\ProjectCode\EndlessCityCore\caches\9.3.1\transforms\a0cce9f52f465707762c395ebf5eebfd)
2026-05-09T23:15:24.714+0800 [DEBUG] [org.gradle.cache.internal.DefaultFileLockManager] Releasing lock on cache directory 9238e114b3fd535a5bd9fd12d852d38f (E:\#SavedFiles\EndlessCityCore\ProjectCode\EndlessCityCore\caches\9.3.1\transforms\9238e114b3fd535a5bd9fd12d852d38f).
2026-05-09T23:15:24.715+0800 [DEBUG] [org.gradle.cache.internal.DefaultFileLockManager] Releasing lock on cache directory a0cce9f52f465707762c395ebf5eebfd (E:\#SavedFiles\EndlessCityCore\ProjectCode\EndlessCityCore\caches\9.3.1\transforms\a0cce9f52f465707762c395ebf5eebfd).
2026-05-09T23:15:24.715+0800 [DEBUG] [org.gradle.cache.internal.locklistener.DefaultFileLockCommunicator] Confirming lock release to process at port 64026 for lock with id -3435931782560197615.
2026-05-09T23:15:24.715+0800 [DEBUG] [org.gradle.cache.internal.locklistener.DefaultFileLockCommunicator] Confirming lock release to process at port 64026 for lock with id 6507573641764345599.
2026-05-09T23:15:24.721+0800 [DEBUG] [org.gradle.cache.internal.LockOnDemandCrossProcessCacheAccess] Lock on cache directory e64cac5b82661135538db92027ce7652 (E:\#SavedFiles\EndlessCityCore\ProjectCode\EndlessCityCore\caches\9.3.1\transforms\e64cac5b82661135538db92027ce7652) requested by another process - releasing lock.
2026-05-09T23:15:24.721+0800 [DEBUG] [org.gradle.cache.internal.LockOnDemandCrossProcessCacheAccess] Releasing file lock for cache directory e64cac5b82661135538db92027ce7652 (E:\#SavedFiles\EndlessCityCore\ProjectCode\EndlessCityCore\caches\9.3.1\transforms\e64cac5b82661135538db92027ce7652)
2026-05-09T23:15:24.721+0800 [DEBUG] [org.gradle.cache.internal.locklistener.DefaultFileLockCommunicator] Confirming unlock request to process at port 64026 for lock with id -6461257064093510007.
2026-05-09T23:15:24.721+0800 [DEBUG] [org.gradle.cache.internal.DefaultFileLockManager] Releasing lock on cache directory e64cac5b82661135538db92027ce7652 (E:\#SavedFiles\EndlessCityCore\ProjectCode\EndlessCityCore\caches\9.3.1\transforms\e64cac5b82661135538db92027ce7652).
2026-05-09T23:15:24.721+0800 [DEBUG] [org.gradle.cache.internal.locklistener.DefaultFileLockCommunicator] Confirming unlock request to process at port 64026 for lock with id -4823820903576987761.
2026-05-09T23:15:24.721+0800 [DEBUG] [org.gradle.cache.internal.LockOnDemandCrossProcessCacheAccess] Lock on cache directory e3a761827e5385f35aadde12d890b5f5 (E:\#SavedFiles\EndlessCityCore\ProjectCode\EndlessCityCore\caches\9.3.1\transforms\e3a761827e5385f35aadde12d890b5f5) requested by another process - releasing lock.
2026-05-09T23:15:24.721+0800 [DEBUG] [org.gradle.cache.internal.LockOnDemandCrossProcessCacheAccess] Lock on cache directory 113a3cf9adb53f9e4dfd0011ec52c597 (E:\#SavedFiles\EndlessCityCore\ProjectCode\EndlessCityCore\caches\9.3.1\transforms\113a3cf9adb53f9e4dfd0011ec52c597) requested by another process - releasing lock.
2026-05-09T23:15:24.721+0800 [DEBUG] [org.gradle.cache.internal.LockOnDemandCrossProcessCacheAccess] Releasing file lock for cache directory 113a3cf9adb53f9e4dfd0011ec52c597 (E:\#SavedFiles\EndlessCityCore\ProjectCode\EndlessCityCore\caches\9.3.1\transforms\113a3cf9adb53f9e4dfd0011ec52c597)
2026-05-09T23:15:24.721+0800 [DEBUG] [org.gradle.cache.internal.DefaultFileLockManager] Releasing lock on cache directory 113a3cf9adb53f9e4dfd0011ec52c597 (E:\#SavedFiles\EndlessCityCore\ProjectCode\EndlessCityCore\caches\9.3.1\transforms\113a3cf9adb53f9e4dfd0011ec52c597).
2026-05-09T23:15:24.721+0800 [DEBUG] [org.gradle.cache.internal.locklistener.DefaultFileLockCommunicator] Confirming unlock request to process at port 64026 for lock with id -3029854015504765455.
2026-05-09T23:15:24.722+0800 [DEBUG] [org.gradle.cache.internal.locklistener.DefaultFileLockCommunicator] Confirming lock release to process at port 64026 for lock with id -6461257064093510007.
2026-05-09T23:15:24.721+0800 [DEBUG] [org.gradle.cache.internal.LockOnDemandCrossProcessCacheAccess] Releasing file lock for cache directory e3a761827e5385f35aadde12d890b5f5 (E:\#SavedFiles\EndlessCityCore\ProjectCode\EndlessCityCore\caches\9.3.1\transforms\e3a761827e5385f35aadde12d890b5f5)
2026-05-09T23:15:24.722+0800 [DEBUG] [org.gradle.cache.internal.LockOnDemandCrossProcessCacheAccess] Lock on cache directory 0b4404c01e5b9b8355b8eb72c9b0e448 (E:\#SavedFiles\EndlessCityCore\ProjectCode\EndlessCityCore\caches\9.3.1\transforms\0b4404c01e5b9b8355b8eb72c9b0e448) requested by another process - releasing lock.
2026-05-09T23:15:24.722+0800 [DEBUG] [org.gradle.cache.internal.locklistener.DefaultFileLockCommunicator] Confirming unlock request to process at port 64026 for lock with id -6248197893707076290.
2026-05-09T23:15:24.722+0800 [DEBUG] [org.gradle.cache.internal.LockOnDemandCrossProcessCacheAccess] Releasing file lock for cache directory 0b4404c01e5b9b8355b8eb72c9b0e448 (E:\#SavedFiles\EndlessCityCore\ProjectCode\EndlessCityCore\caches\9.3.1\transforms\0b4404c01e5b9b8355b8eb72c9b0e448)
2026-05-09T23:15:24.722+0800 [DEBUG] [org.gradle.cache.internal.DefaultFileLockManager] Releasing lock on cache directory e3a761827e5385f35aadde12d890b5f5 (E:\#SavedFiles\EndlessCityCore\ProjectCode\EndlessCityCore\caches\9.3.1\transforms\e3a761827e5385f35aadde12d890b5f5).
2026-05-09T23:15:24.722+0800 [DEBUG] [org.gradle.cache.internal.locklistener.DefaultFileLockCommunicator] Confirming lock release to process at port 64026 for lock with id -3029854015504765455.
2026-05-09T23:15:24.722+0800 [DEBUG] [org.gradle.cache.internal.DefaultFileLockManager] Releasing lock on cache directory 0b4404c01e5b9b8355b8eb72c9b0e448 (E:\#SavedFiles\EndlessCityCore\ProjectCode\EndlessCityCore\caches\9.3.1\transforms\0b4404c01e5b9b8355b8eb72c9b0e448).
2026-05-09T23:15:24.722+0800 [DEBUG] [org.gradle.cache.internal.locklistener.DefaultFileLockCommunicator] Confirming lock release to process at port 64026 for lock with id -4823820903576987761.
2026-05-09T23:15:24.722+0800 [DEBUG] [org.gradle.cache.internal.locklistener.DefaultFileLockCommunicator] Confirming lock release to process at port 64026 for lock with id -6248197893707076290.
2026-05-09T23:15:24.728+0800 [DEBUG] [org.gradle.cache.internal.locklistener.DefaultFileLockCommunicator] Confirming unlock request to process at port 64026 for lock with id 6213121963349064612.
2026-05-09T23:15:24.728+0800 [DEBUG] [org.gradle.cache.internal.LockOnDemandCrossProcessCacheAccess] Lock on cache directory abcf62146997f5e385ed3f063292d777 (E:\#SavedFiles\EndlessCityCore\ProjectCode\EndlessCityCore\caches\9.3.1\transforms\abcf62146997f5e385ed3f063292d777) requested by another process - releasing lock.
2026-05-09T23:15:24.728+0800 [DEBUG] [org.gradle.cache.internal.LockOnDemandCrossProcessCacheAccess] Releasing file lock for cache directory abcf62146997f5e385ed3f063292d777 (E:\#SavedFiles\EndlessCityCore\ProjectCode\EndlessCityCore\caches\9.3.1\transforms\abcf62146997f5e385ed3f063292d777)
2026-05-09T23:15:24.728+0800 [DEBUG] [org.gradle.cache.internal.LockOnDemandCrossProcessCacheAccess] Lock on cache directory 4cc4c29c645c37b7fd4c0a8b5765a74c (E:\#SavedFiles\EndlessCityCore\ProjectCode\EndlessCityCore\caches\9.3.1\transforms\4cc4c29c645c37b7fd4c0a8b5765a74c) requested by another process - releasing lock.
2026-05-09T23:15:24.728+0800 [DEBUG] [org.gradle.cache.internal.locklistener.DefaultFileLockCommunicator] Confirming unlock request to process at port 64026 for lock with id 1359996277137968311.
2026-05-09T23:15:24.728+0800 [DEBUG] [org.gradle.cache.internal.LockOnDemandCrossProcessCacheAccess] Releasing file lock for cache directory 4cc4c29c645c37b7fd4c0a8b5765a74c (E:\#SavedFiles\EndlessCityCore\ProjectCode\EndlessCityCore\caches\9.3.1\transforms\4cc4c29c645c37b7fd4c0a8b5765a74c)
2026-05-09T23:15:24.728+0800 [DEBUG] [org.gradle.cache.internal.DefaultFileLockManager] Releasing lock on cache directory abcf62146997f5e385ed3f063292d777 (E:\#SavedFiles\EndlessCityCore\ProjectCode\EndlessCityCore\caches\9.3.1\transforms\abcf62146997f5e385ed3f063292d777).
2026-05-09T23:15:24.728+0800 [DEBUG] [org.gradle.cache.internal.LockOnDemandCrossProcessCacheAccess] Lock on cache directory fb7b9b8e50497d8f81f93348f4bb0ba9 (E:\#SavedFiles\EndlessCityCore\ProjectCode\EndlessCityCore\caches\9.3.1\transforms\fb7b9b8e50497d8f81f93348f4bb0ba9) requested by another process - releasing lock.
2026-05-09T23:15:24.728+0800 [DEBUG] [org.gradle.cache.internal.locklistener.DefaultFileLockCommunicator] Confirming unlock request to process at port 64026 for lock with id -6548881367779612124.
2026-05-09T23:15:24.728+0800 [DEBUG] [org.gradle.cache.internal.DefaultFileLockManager] Releasing lock on cache directory 4cc4c29c645c37b7fd4c0a8b5765a74c (E:\#SavedFiles\EndlessCityCore\ProjectCode\EndlessCityCore\caches\9.3.1\transforms\4cc4c29c645c37b7fd4c0a8b5765a74c).
2026-05-09T23:15:24.728+0800 [DEBUG] [org.gradle.cache.internal.locklistener.DefaultFileLockCommunicator] Confirming unlock request to process at port 64026 for lock with id 5682047353118215255.
2026-05-09T23:15:24.728+0800 [DEBUG] [org.gradle.cache.internal.LockOnDemandCrossProcessCacheAccess] Releasing file lock for cache directory fb7b9b8e50497d8f81f93348f4bb0ba9 (E:\#SavedFiles\EndlessCityCore\ProjectCode\EndlessCityCore\caches\9.3.1\transforms\fb7b9b8e50497d8f81f93348f4bb0ba9)
2026-05-09T23:15:24.728+0800 [DEBUG] [org.gradle.cache.internal.LockOnDemandCrossProcessCacheAccess] Lock on cache directory 72fc986c8ae254613459a939f8426f04 (E:\#SavedFiles\EndlessCityCore\ProjectCode\EndlessCityCore\caches\9.3.1\transforms\72fc986c8ae254613459a939f8426f04) requested by another process - releasing lock.
2026-05-09T23:15:24.728+0800 [DEBUG] [org.gradle.cache.internal.DefaultFileLockManager] Releasing lock on cache directory fb7b9b8e50497d8f81f93348f4bb0ba9 (E:\#SavedFiles\EndlessCityCore\ProjectCode\EndlessCityCore\caches\9.3.1\transforms\fb7b9b8e50497d8f81f93348f4bb0ba9).
2026-05-09T23:15:24.728+0800 [DEBUG] [org.gradle.cache.internal.locklistener.DefaultFileLockCommunicator] Confirming lock release to process at port 64026 for lock with id 1359996277137968311.
2026-05-09T23:15:24.728+0800 [DEBUG] [org.gradle.cache.internal.locklistener.DefaultFileLockCommunicator] Confirming lock release to process at port 64026 for lock with id 6213121963349064612.
2026-05-09T23:15:24.729+0800 [DEBUG] [org.gradle.cache.internal.locklistener.DefaultFileLockCommunicator] Confirming lock release to process at port 64026 for lock with id -6548881367779612124.
2026-05-09T23:15:24.729+0800 [DEBUG] [org.gradle.cache.internal.LockOnDemandCrossProcessCacheAccess] Releasing file lock for cache directory 72fc986c8ae254613459a939f8426f04 (E:\#SavedFiles\EndlessCityCore\ProjectCode\EndlessCityCore\caches\9.3.1\transforms\72fc986c8ae254613459a939f8426f04)
2026-05-09T23:15:24.729+0800 [DEBUG] [org.gradle.cache.internal.DefaultFileLockManager] Releasing lock on cache directory 72fc986c8ae254613459a939f8426f04 (E:\#SavedFiles\EndlessCityCore\ProjectCode\EndlessCityCore\caches\9.3.1\transforms\72fc986c8ae254613459a939f8426f04).
2026-05-09T23:15:24.729+0800 [DEBUG] [org.gradle.cache.internal.locklistener.DefaultFileLockCommunicator] Confirming lock release to process at port 64026 for lock with id 5682047353118215255.
2026-05-09T23:15:24.734+0800 [DEBUG] [org.gradle.cache.internal.locklistener.DefaultFileLockCommunicator] Confirming unlock request to process at port 64026 for lock with id -191306987925546265.
2026-05-09T23:15:24.734+0800 [DEBUG] [org.gradle.cache.internal.LockOnDemandCrossProcessCacheAccess] Lock on cache directory 8ca61a4a40a4cf9ff00ca9f140b9805a (E:\#SavedFiles\EndlessCityCore\ProjectCode\EndlessCityCore\caches\9.3.1\transforms\8ca61a4a40a4cf9ff00ca9f140b9805a) requested by another process - releasing lock.
2026-05-09T23:15:24.734+0800 [DEBUG] [org.gradle.cache.internal.LockOnDemandCrossProcessCacheAccess] Releasing file lock for cache directory 8ca61a4a40a4cf9ff00ca9f140b9805a (E:\#SavedFiles\EndlessCityCore\ProjectCode\EndlessCityCore\caches\9.3.1\transforms\8ca61a4a40a4cf9ff00ca9f140b9805a)
2026-05-09T23:15:24.734+0800 [DEBUG] [org.gradle.cache.internal.LockOnDemandCrossProcessCacheAccess] Lock on cache directory f689c7cf83f3afbe16c8da484bf8cd0d (E:\#SavedFiles\EndlessCityCore\ProjectCode\EndlessCityCore\caches\9.3.1\transforms\f689c7cf83f3afbe16c8da484bf8cd0d) requested by another process - releasing lock.
2026-05-09T23:15:24.734+0800 [DEBUG] [org.gradle.cache.internal.locklistener.DefaultFileLockCommunicator] Confirming unlock request to process at port 64026 for lock with id 2818497373711099903.
2026-05-09T23:15:24.734+0800 [DEBUG] [org.gradle.cache.internal.LockOnDemandCrossProcessCacheAccess] Releasing file lock for cache directory f689c7cf83f3afbe16c8da484bf8cd0d (E:\#SavedFiles\EndlessCityCore\ProjectCode\EndlessCityCore\caches\9.3.1\transforms\f689c7cf83f3afbe16c8da484bf8cd0d)
2026-05-09T23:15:24.734+0800 [DEBUG] [org.gradle.cache.internal.DefaultFileLockManager] Releasing lock on cache directory 8ca61a4a40a4cf9ff00ca9f140b9805a (E:\#SavedFiles\EndlessCityCore\ProjectCode\EndlessCityCore\caches\9.3.1\transforms\8ca61a4a40a4cf9ff00ca9f140b9805a).
2026-05-09T23:15:24.735+0800 [DEBUG] [org.gradle.cache.internal.DefaultFileLockManager] Releasing lock on cache directory f689c7cf83f3afbe16c8da484bf8cd0d (E:\#SavedFiles\EndlessCityCore\ProjectCode\EndlessCityCore\caches\9.3.1\transforms\f689c7cf83f3afbe16c8da484bf8cd0d).
2026-05-09T23:15:24.735+0800 [DEBUG] [org.gradle.cache.internal.LockOnDemandCrossProcessCacheAccess] Lock on cache directory 0000022f9d1b1435fc7a057d4dacf452 (E:\#SavedFiles\EndlessCityCore\ProjectCode\EndlessCityCore\caches\9.3.1\transforms\0000022f9d1b1435fc7a057d4dacf452) requested by another process - releasing lock.
2026-05-09T23:15:24.735+0800 [DEBUG] [org.gradle.cache.internal.LockOnDemandCrossProcessCacheAccess] Releasing file lock for cache directory 0000022f9d1b1435fc7a057d4dacf452 (E:\#SavedFiles\EndlessCityCore\ProjectCode\EndlessCityCore\caches\9.3.1\transforms\0000022f9d1b1435fc7a057d4dacf452)
2026-05-09T23:15:24.735+0800 [DEBUG] [org.gradle.cache.internal.locklistener.DefaultFileLockCommunicator] Confirming unlock request to process at port 64026 for lock with id -5380322335277730869.
2026-05-09T23:15:24.735+0800 [DEBUG] [org.gradle.cache.internal.DefaultFileLockManager] Releasing lock on cache directory 0000022f9d1b1435fc7a057d4dacf452 (E:\#SavedFiles\EndlessCityCore\ProjectCode\EndlessCityCore\caches\9.3.1\transforms\0000022f9d1b1435fc7a057d4dacf452).
2026-05-09T23:15:24.735+0800 [DEBUG] [org.gradle.cache.internal.locklistener.DefaultFileLockCommunicator] Confirming lock release to process at port 64026 for lock with id -191306987925546265.
2026-05-09T23:15:24.735+0800 [DEBUG] [org.gradle.cache.internal.LockOnDemandCrossProcessCacheAccess] Lock on cache directory 8f1903921d132d90bdd2707b38ed494b (E:\#SavedFiles\EndlessCityCore\ProjectCode\EndlessCityCore\caches\9.3.1\transforms\8f1903921d132d90bdd2707b38ed494b) requested by another process - releasing lock.
2026-05-09T23:15:24.735+0800 [DEBUG] [org.gradle.cache.internal.locklistener.DefaultFileLockCommunicator] Confirming unlock request to process at port 64026 for lock with id 6721878703032398844.
2026-05-09T23:15:24.735+0800 [DEBUG] [org.gradle.cache.internal.locklistener.DefaultFileLockCommunicator] Confirming lock release to process at port 64026 for lock with id 2818497373711099903.
2026-05-09T23:15:24.735+0800 [DEBUG] [org.gradle.cache.internal.locklistener.DefaultFileLockCommunicator] Confirming lock release to process at port 64026 for lock with id -5380322335277730869.
2026-05-09T23:15:24.735+0800 [DEBUG] [org.gradle.cache.internal.LockOnDemandCrossProcessCacheAccess] Releasing file lock for cache directory 8f1903921d132d90bdd2707b38ed494b (E:\#SavedFiles\EndlessCityCore\ProjectCode\EndlessCityCore\caches\9.3.1\transforms\8f1903921d132d90bdd2707b38ed494b)
2026-05-09T23:15:24.735+0800 [DEBUG] [org.gradle.cache.internal.DefaultFileLockManager] Releasing lock on cache directory 8f1903921d132d90bdd2707b38ed494b (E:\#SavedFiles\EndlessCityCore\ProjectCode\EndlessCityCore\caches\9.3.1\transforms\8f1903921d132d90bdd2707b38ed494b).
2026-05-09T23:15:24.736+0800 [DEBUG] [org.gradle.cache.internal.locklistener.DefaultFileLockCommunicator] Confirming lock release to process at port 64026 for lock with id 6721878703032398844.
2026-05-09T23:15:24.976+0800 [DEBUG] [org.gradle.cache.internal.locklistener.DefaultFileLockCommunicator] Confirming unlock request to process at port 64026 for lock with id 1302955961088121887.
2026-05-09T23:15:24.976+0800 [DEBUG] [org.gradle.cache.internal.LockOnDemandCrossProcessCacheAccess] Lock on cache directory 8c61e10d6faf9c286ba8cd91782ff9f2 (E:\#SavedFiles\EndlessCityCore\ProjectCode\EndlessCityCore\caches\9.3.1\groovy-dsl\8c61e10d6faf9c286ba8cd91782ff9f2) requested by another process - releasing lock.
2026-05-09T23:15:24.976+0800 [DEBUG] [org.gradle.cache.internal.LockOnDemandCrossProcessCacheAccess] Releasing file lock for cache directory 8c61e10d6faf9c286ba8cd91782ff9f2 (E:\#SavedFiles\EndlessCityCore\ProjectCode\EndlessCityCore\caches\9.3.1\groovy-dsl\8c61e10d6faf9c286ba8cd91782ff9f2)
2026-05-09T23:15:24.976+0800 [DEBUG] [org.gradle.cache.internal.DefaultFileLockManager] Releasing lock on cache directory 8c61e10d6faf9c286ba8cd91782ff9f2 (E:\#SavedFiles\EndlessCityCore\ProjectCode\EndlessCityCore\caches\9.3.1\groovy-dsl\8c61e10d6faf9c286ba8cd91782ff9f2).
2026-05-09T23:15:24.977+0800 [DEBUG] [org.gradle.cache.internal.locklistener.DefaultFileLockCommunicator] Confirming lock release to process at port 64026 for lock with id 1302955961088121887.
2026-05-09T23:15:25.250+0800 [DEBUG] [org.gradle.cache.internal.locklistener.DefaultFileLockCommunicator] Confirming unlock request to process at port 64026 for lock with id 2131549507778561109.
2026-05-09T23:15:25.250+0800 [DEBUG] [org.gradle.cache.internal.LockOnDemandCrossProcessCacheAccess] Lock on cache directory ebd13b2030e030756da8523bf0c9a315 (E:\#SavedFiles\EndlessCityCore\ProjectCode\EndlessCityCore\caches\9.3.1\groovy-dsl\ebd13b2030e030756da8523bf0c9a315) requested by another process - releasing lock.
2026-05-09T23:15:25.250+0800 [DEBUG] [org.gradle.cache.internal.LockOnDemandCrossProcessCacheAccess] Releasing file lock for cache directory ebd13b2030e030756da8523bf0c9a315 (E:\#SavedFiles\EndlessCityCore\ProjectCode\EndlessCityCore\caches\9.3.1\groovy-dsl\ebd13b2030e030756da8523bf0c9a315)
2026-05-09T23:15:25.250+0800 [DEBUG] [org.gradle.cache.internal.DefaultFileLockManager] Releasing lock on cache directory ebd13b2030e030756da8523bf0c9a315 (E:\#SavedFiles\EndlessCityCore\ProjectCode\EndlessCityCore\caches\9.3.1\groovy-dsl\ebd13b2030e030756da8523bf0c9a315).
2026-05-09T23:15:25.250+0800 [DEBUG] [org.gradle.cache.internal.locklistener.DefaultFileLockCommunicator] Confirming lock release to process at port 64026 for lock with id 2131549507778561109.
2026-05-09T23:15:25.266+0800 [DEBUG] [org.gradle.cache.internal.locklistener.DefaultFileLockCommunicator] Confirming unlock request to process at port 64026 for lock with id 3485426637131916481.
2026-05-09T23:15:25.266+0800 [DEBUG] [org.gradle.cache.internal.LockOnDemandCrossProcessCacheAccess] Lock on cache directory e812df5e65a95a84edca42f5d5aab490 (E:\#SavedFiles\EndlessCityCore\ProjectCode\EndlessCityCore\caches\9.3.1\groovy-dsl\e812df5e65a95a84edca42f5d5aab490) requested by another process - releasing lock.
2026-05-09T23:15:25.267+0800 [DEBUG] [org.gradle.cache.internal.LockOnDemandCrossProcessCacheAccess] Releasing file lock for cache directory e812df5e65a95a84edca42f5d5aab490 (E:\#SavedFiles\EndlessCityCore\ProjectCode\EndlessCityCore\caches\9.3.1\groovy-dsl\e812df5e65a95a84edca42f5d5aab490)
2026-05-09T23:15:25.267+0800 [DEBUG] [org.gradle.cache.internal.DefaultFileLockManager] Releasing lock on cache directory e812df5e65a95a84edca42f5d5aab490 (E:\#SavedFiles\EndlessCityCore\ProjectCode\EndlessCityCore\caches\9.3.1\groovy-dsl\e812df5e65a95a84edca42f5d5aab490).
2026-05-09T23:15:25.267+0800 [DEBUG] [org.gradle.cache.internal.locklistener.DefaultFileLockCommunicator] Confirming lock release to process at port 64026 for lock with id 3485426637131916481.
2026-05-09T23:15:25.331+0800 [DEBUG] [org.gradle.cache.internal.LockOnDemandCrossProcessCacheAccess] Lock on cache directory 48956b513ea73fb77f008351652e9683 (E:\#SavedFiles\EndlessCityCore\ProjectCode\EndlessCityCore\caches\9.3.1\groovy-dsl\48956b513ea73fb77f008351652e9683) requested by another process - releasing lock.
2026-05-09T23:15:25.332+0800 [DEBUG] [org.gradle.cache.internal.LockOnDemandCrossProcessCacheAccess] Releasing file lock for cache directory 48956b513ea73fb77f008351652e9683 (E:\#SavedFiles\EndlessCityCore\ProjectCode\EndlessCityCore\caches\9.3.1\groovy-dsl\48956b513ea73fb77f008351652e9683)
2026-05-09T23:15:25.331+0800 [DEBUG] [org.gradle.cache.internal.locklistener.DefaultFileLockCommunicator] Confirming unlock request to process at port 64026 for lock with id 4657438313966563865.
2026-05-09T23:15:25.332+0800 [DEBUG] [org.gradle.cache.internal.DefaultFileLockManager] Releasing lock on cache directory 48956b513ea73fb77f008351652e9683 (E:\#SavedFiles\EndlessCityCore\ProjectCode\EndlessCityCore\caches\9.3.1\groovy-dsl\48956b513ea73fb77f008351652e9683).
2026-05-09T23:15:25.332+0800 [DEBUG] [org.gradle.cache.internal.locklistener.DefaultFileLockCommunicator] Confirming lock release to process at port 64026 for lock with id 4657438313966563865.
2026-05-09T23:15:25.369+0800 [DEBUG] [org.gradle.cache.internal.LockOnDemandCrossProcessCacheAccess] Lock on cache directory 3c8cfb9bde127b3b97ad5a4b50e2355d (E:\#SavedFiles\EndlessCityCore\ProjectCode\EndlessCityCore\caches\9.3.1\transforms\3c8cfb9bde127b3b97ad5a4b50e2355d) requested by another process - releasing lock.
2026-05-09T23:15:25.369+0800 [DEBUG] [org.gradle.cache.internal.LockOnDemandCrossProcessCacheAccess] Releasing file lock for cache directory 3c8cfb9bde127b3b97ad5a4b50e2355d (E:\#SavedFiles\EndlessCityCore\ProjectCode\EndlessCityCore\caches\9.3.1\transforms\3c8cfb9bde127b3b97ad5a4b50e2355d)
2026-05-09T23:15:25.369+0800 [DEBUG] [org.gradle.cache.internal.locklistener.DefaultFileLockCommunicator] Confirming unlock request to process at port 64026 for lock with id 6147962499040807511.
2026-05-09T23:15:25.369+0800 [DEBUG] [org.gradle.cache.internal.DefaultFileLockManager] Releasing lock on cache directory 3c8cfb9bde127b3b97ad5a4b50e2355d (E:\#SavedFiles\EndlessCityCore\ProjectCode\EndlessCityCore\caches\9.3.1\transforms\3c8cfb9bde127b3b97ad5a4b50e2355d).
2026-05-09T23:15:25.369+0800 [DEBUG] [org.gradle.cache.internal.locklistener.DefaultFileLockCommunicator] Confirming lock release to process at port 64026 for lock with id 6147962499040807511.
2026-05-09T23:15:25.376+0800 [DEBUG] [org.gradle.cache.internal.locklistener.DefaultFileLockCommunicator] Confirming unlock request to process at port 64026 for lock with id 2712278524039002597.
2026-05-09T23:15:25.376+0800 [DEBUG] [org.gradle.cache.internal.LockOnDemandCrossProcessCacheAccess] Lock on cache directory 5c491cd81edf0d1ab16c4b309b0a5a80 (E:\#SavedFiles\EndlessCityCore\ProjectCode\EndlessCityCore\caches\9.3.1\transforms\5c491cd81edf0d1ab16c4b309b0a5a80) requested by another process - releasing lock.
2026-05-09T23:15:25.376+0800 [DEBUG] [org.gradle.cache.internal.LockOnDemandCrossProcessCacheAccess] Releasing file lock for cache directory 5c491cd81edf0d1ab16c4b309b0a5a80 (E:\#SavedFiles\EndlessCityCore\ProjectCode\EndlessCityCore\caches\9.3.1\transforms\5c491cd81edf0d1ab16c4b309b0a5a80)
2026-05-09T23:15:25.376+0800 [DEBUG] [org.gradle.cache.internal.DefaultFileLockManager] Releasing lock on cache directory 5c491cd81edf0d1ab16c4b309b0a5a80 (E:\#SavedFiles\EndlessCityCore\ProjectCode\EndlessCityCore\caches\9.3.1\transforms\5c491cd81edf0d1ab16c4b309b0a5a80).
2026-05-09T23:15:25.377+0800 [DEBUG] [org.gradle.cache.internal.locklistener.DefaultFileLockCommunicator] Confirming lock release to process at port 64026 for lock with id 2712278524039002597.
2026-05-09T23:15:25.381+0800 [DEBUG] [org.gradle.cache.internal.locklistener.DefaultFileLockCommunicator] Confirming unlock request to process at port 64026 for lock with id -7968358349528096796.
2026-05-09T23:15:25.381+0800 [DEBUG] [org.gradle.cache.internal.LockOnDemandCrossProcessCacheAccess] Lock on cache directory 852da36d27a207c0cd0d88e57f287e49 (E:\#SavedFiles\EndlessCityCore\ProjectCode\EndlessCityCore\caches\9.3.1\transforms\852da36d27a207c0cd0d88e57f287e49) requested by another process - releasing lock.
2026-05-09T23:15:25.381+0800 [DEBUG] [org.gradle.cache.internal.LockOnDemandCrossProcessCacheAccess] Releasing file lock for cache directory 852da36d27a207c0cd0d88e57f287e49 (E:\#SavedFiles\EndlessCityCore\ProjectCode\EndlessCityCore\caches\9.3.1\transforms\852da36d27a207c0cd0d88e57f287e49)
2026-05-09T23:15:25.381+0800 [DEBUG] [org.gradle.cache.internal.DefaultFileLockManager] Releasing lock on cache directory 852da36d27a207c0cd0d88e57f287e49 (E:\#SavedFiles\EndlessCityCore\ProjectCode\EndlessCityCore\caches\9.3.1\transforms\852da36d27a207c0cd0d88e57f287e49).
2026-05-09T23:15:25.381+0800 [DEBUG] [org.gradle.cache.internal.locklistener.DefaultFileLockCommunicator] Confirming lock release to process at port 64026 for lock with id -7968358349528096796.
2026-05-09T23:15:25.385+0800 [DEBUG] [org.gradle.cache.internal.locklistener.DefaultFileLockCommunicator] Confirming unlock request to process at port 64026 for lock with id 1042972672802228906.
2026-05-09T23:15:25.385+0800 [DEBUG] [org.gradle.cache.internal.LockOnDemandCrossProcessCacheAccess] Lock on cache directory 60529076d98ea05cc0b8e02119f06b9a (E:\#SavedFiles\EndlessCityCore\ProjectCode\EndlessCityCore\caches\9.3.1\transforms\60529076d98ea05cc0b8e02119f06b9a) requested by another process - releasing lock.
2026-05-09T23:15:25.385+0800 [DEBUG] [org.gradle.cache.internal.LockOnDemandCrossProcessCacheAccess] Releasing file lock for cache directory 60529076d98ea05cc0b8e02119f06b9a (E:\#SavedFiles\EndlessCityCore\ProjectCode\EndlessCityCore\caches\9.3.1\transforms\60529076d98ea05cc0b8e02119f06b9a)
2026-05-09T23:15:25.385+0800 [DEBUG] [org.gradle.cache.internal.DefaultFileLockManager] Releasing lock on cache directory 60529076d98ea05cc0b8e02119f06b9a (E:\#SavedFiles\EndlessCityCore\ProjectCode\EndlessCityCore\caches\9.3.1\transforms\60529076d98ea05cc0b8e02119f06b9a).
2026-05-09T23:15:25.385+0800 [DEBUG] [org.gradle.cache.internal.locklistener.DefaultFileLockCommunicator] Confirming lock release to process at port 64026 for lock with id 1042972672802228906.
2026-05-09T23:15:25.391+0800 [DEBUG] [org.gradle.cache.internal.locklistener.DefaultFileLockCommunicator] Confirming unlock request to process at port 64026 for lock with id 3891631523881787566.
2026-05-09T23:15:25.391+0800 [DEBUG] [org.gradle.cache.internal.LockOnDemandCrossProcessCacheAccess] Lock on cache directory 73cd7eab454ccf6e549f4d437fd51a12 (E:\#SavedFiles\EndlessCityCore\ProjectCode\EndlessCityCore\caches\9.3.1\transforms\73cd7eab454ccf6e549f4d437fd51a12) requested by another process - releasing lock.
2026-05-09T23:15:25.392+0800 [DEBUG] [org.gradle.cache.internal.LockOnDemandCrossProcessCacheAccess] Releasing file lock for cache directory 73cd7eab454ccf6e549f4d437fd51a12 (E:\#SavedFiles\EndlessCityCore\ProjectCode\EndlessCityCore\caches\9.3.1\transforms\73cd7eab454ccf6e549f4d437fd51a12)
2026-05-09T23:15:25.392+0800 [DEBUG] [org.gradle.cache.internal.DefaultFileLockManager] Releasing lock on cache directory 73cd7eab454ccf6e549f4d437fd51a12 (E:\#SavedFiles\EndlessCityCore\ProjectCode\EndlessCityCore\caches\9.3.1\transforms\73cd7eab454ccf6e549f4d437fd51a12).
2026-05-09T23:15:25.392+0800 [DEBUG] [org.gradle.cache.internal.locklistener.DefaultFileLockCommunicator] Confirming lock release to process at port 64026 for lock with id 3891631523881787566.
2026-05-09T23:15:25.396+0800 [DEBUG] [org.gradle.cache.internal.locklistener.DefaultFileLockCommunicator] Confirming unlock request to process at port 64026 for lock with id 6950756052713977714.
2026-05-09T23:15:25.396+0800 [DEBUG] [org.gradle.cache.internal.LockOnDemandCrossProcessCacheAccess] Lock on cache directory 9517928ecdc0c2ba86f1082da736dd72 (E:\#SavedFiles\EndlessCityCore\ProjectCode\EndlessCityCore\caches\9.3.1\transforms\9517928ecdc0c2ba86f1082da736dd72) requested by another process - releasing lock.
2026-05-09T23:15:25.396+0800 [DEBUG] [org.gradle.cache.internal.LockOnDemandCrossProcessCacheAccess] Releasing file lock for cache directory 9517928ecdc0c2ba86f1082da736dd72 (E:\#SavedFiles\EndlessCityCore\ProjectCode\EndlessCityCore\caches\9.3.1\transforms\9517928ecdc0c2ba86f1082da736dd72)
2026-05-09T23:15:25.396+0800 [DEBUG] [org.gradle.cache.internal.DefaultFileLockManager] Releasing lock on cache directory 9517928ecdc0c2ba86f1082da736dd72 (E:\#SavedFiles\EndlessCityCore\ProjectCode\EndlessCityCore\caches\9.3.1\transforms\9517928ecdc0c2ba86f1082da736dd72).
2026-05-09T23:15:25.396+0800 [DEBUG] [org.gradle.cache.internal.locklistener.DefaultFileLockCommunicator] Confirming lock release to process at port 64026 for lock with id 6950756052713977714.
2026-05-09T23:15:25.401+0800 [DEBUG] [org.gradle.cache.internal.locklistener.DefaultFileLockCommunicator] Confirming unlock request to process at port 64026 for lock with id -4863614940641679052.
2026-05-09T23:15:25.401+0800 [DEBUG] [org.gradle.cache.internal.LockOnDemandCrossProcessCacheAccess] Lock on cache directory d63da59f36f1493b5a59815748244a7c (E:\#SavedFiles\EndlessCityCore\ProjectCode\EndlessCityCore\caches\9.3.1\transforms\d63da59f36f1493b5a59815748244a7c) requested by another process - releasing lock.
2026-05-09T23:15:25.401+0800 [DEBUG] [org.gradle.cache.internal.LockOnDemandCrossProcessCacheAccess] Releasing file lock for cache directory d63da59f36f1493b5a59815748244a7c (E:\#SavedFiles\EndlessCityCore\ProjectCode\EndlessCityCore\caches\9.3.1\transforms\d63da59f36f1493b5a59815748244a7c)
2026-05-09T23:15:25.401+0800 [DEBUG] [org.gradle.cache.internal.DefaultFileLockManager] Releasing lock on cache directory d63da59f36f1493b5a59815748244a7c (E:\#SavedFiles\EndlessCityCore\ProjectCode\EndlessCityCore\caches\9.3.1\transforms\d63da59f36f1493b5a59815748244a7c).
2026-05-09T23:15:25.401+0800 [DEBUG] [org.gradle.cache.internal.locklistener.DefaultFileLockCommunicator] Confirming lock release to process at port 64026 for lock with id -4863614940641679052.
2026-05-09T23:15:25.406+0800 [DEBUG] [org.gradle.cache.internal.locklistener.DefaultFileLockCommunicator] Confirming unlock request to process at port 64026 for lock with id -1698795112230773908.
2026-05-09T23:15:25.406+0800 [DEBUG] [org.gradle.cache.internal.LockOnDemandCrossProcessCacheAccess] Lock on cache directory 1c009ada7284b636ff71835a0b5be96e (E:\#SavedFiles\EndlessCityCore\ProjectCode\EndlessCityCore\caches\9.3.1\groovy-dsl\1c009ada7284b636ff71835a0b5be96e) requested by another process - releasing lock.
2026-05-09T23:15:25.406+0800 [DEBUG] [org.gradle.cache.internal.LockOnDemandCrossProcessCacheAccess] Releasing file lock for cache directory 1c009ada7284b636ff71835a0b5be96e (E:\#SavedFiles\EndlessCityCore\ProjectCode\EndlessCityCore\caches\9.3.1\groovy-dsl\1c009ada7284b636ff71835a0b5be96e)
2026-05-09T23:15:25.407+0800 [DEBUG] [org.gradle.cache.internal.DefaultFileLockManager] Releasing lock on cache directory 1c009ada7284b636ff71835a0b5be96e (E:\#SavedFiles\EndlessCityCore\ProjectCode\EndlessCityCore\caches\9.3.1\groovy-dsl\1c009ada7284b636ff71835a0b5be96e).
2026-05-09T23:15:25.407+0800 [DEBUG] [org.gradle.cache.internal.locklistener.DefaultFileLockCommunicator] Confirming lock release to process at port 64026 for lock with id -1698795112230773908.
2026-05-09T23:15:32.728+0800 [DEBUG] [org.gradle.launcher.daemon.server.Daemon] Starting periodic daemon health check.
2026-05-09T23:15:32.730+0800 [DEBUG] [org.gradle.cache.internal.DefaultFileLockManager] Waiting to acquire shared lock on daemon addresses registry.
2026-05-09T23:15:32.730+0800 [DEBUG] [org.gradle.cache.internal.DefaultFileLockManager] Lock acquired on daemon addresses registry.
2026-05-09T23:15:32.730+0800 [DEBUG] [org.gradle.cache.internal.DefaultFileLockManager] Releasing lock on daemon addresses registry.
2026-05-09T23:15:32.733+0800 [DEBUG] [org.gradle.cache.internal.DefaultFileLockManager] Waiting to acquire shared lock on daemon addresses registry.
2026-05-09T23:15:32.733+0800 [DEBUG] [org.gradle.cache.internal.DefaultFileLockManager] Lock acquired on daemon addresses registry.
2026-05-09T23:15:32.733+0800 [DEBUG] [org.gradle.cache.internal.DefaultFileLockManager] Releasing lock on daemon addresses registry.
2026-05-09T23:15:32.733+0800 [DEBUG] [org.gradle.launcher.daemon.server.Daemon] Finished periodic daemon health check.
2026-05-09T23:15:42.736+0800 [DEBUG] [org.gradle.launcher.daemon.server.Daemon] Starting periodic daemon health check.
2026-05-09T23:15:42.743+0800 [DEBUG] [org.gradle.cache.internal.DefaultFileLockManager] Waiting to acquire shared lock on daemon addresses registry.
2026-05-09T23:15:42.743+0800 [DEBUG] [org.gradle.cache.internal.DefaultFileLockManager] Lock acquired on daemon addresses registry.
2026-05-09T23:15:42.743+0800 [DEBUG] [org.gradle.cache.internal.DefaultFileLockManager] Releasing lock on daemon addresses registry.
2026-05-09T23:15:42.756+0800 [DEBUG] [org.gradle.cache.internal.DefaultFileLockManager] Waiting to acquire shared lock on daemon addresses registry.
2026-05-09T23:15:42.756+0800 [DEBUG] [org.gradle.cache.internal.DefaultFileLockManager] Lock acquired on daemon addresses registry.
2026-05-09T23:15:42.756+0800 [DEBUG] [org.gradle.cache.internal.DefaultFileLockManager] Releasing lock on daemon addresses registry.
2026-05-09T23:15:42.758+0800 [DEBUG] [org.gradle.cache.internal.DefaultFileLockManager] Waiting to acquire shared lock on daemon addresses registry.
2026-05-09T23:15:42.758+0800 [DEBUG] [org.gradle.cache.internal.DefaultFileLockManager] Lock acquired on daemon addresses registry.
2026-05-09T23:15:42.758+0800 [DEBUG] [org.gradle.cache.internal.DefaultFileLockManager] Releasing lock on daemon addresses registry.
2026-05-09T23:15:42.759+0800 [DEBUG] [org.gradle.launcher.daemon.server.DaemonRegistryUpdater] Storing daemon stop event: other compatible daemons were started and after being idle for 0 minutes and not recently used
2026-05-09T23:15:42.760+0800 [DEBUG] [org.gradle.launcher.daemon.registry.PersistentDaemonRegistry] Storing daemon stop event with timestamp 1778339742759
2026-05-09T23:15:42.761+0800 [DEBUG] [org.gradle.cache.internal.DefaultFileLockManager] Waiting to acquire exclusive lock on daemon addresses registry.
2026-05-09T23:15:42.761+0800 [DEBUG] [org.gradle.cache.internal.DefaultFileLockManager] Lock acquired on daemon addresses registry.
2026-05-09T23:15:42.763+0800 [DEBUG] [org.gradle.cache.internal.DefaultFileLockManager] Releasing lock on daemon addresses registry.
2026-05-09T23:15:42.763+0800 [LIFECYCLE] [org.gradle.launcher.daemon.server.DaemonStateCoordinator] Daemon will be stopped at the end of the build other compatible daemons were started and after being idle for 0 minutes and not recently used
2026-05-09T23:15:42.763+0800 [DEBUG] [org.gradle.launcher.daemon.server.DaemonStateCoordinator] Marking daemon stopped due to other compatible daemons were started and after being idle for 0 minutes and not recently used. The daemon is not running a build
2026-05-09T23:15:42.763+0800 [DEBUG] [org.gradle.launcher.daemon.server.Daemon] Finished periodic daemon health check.
2026-05-09T23:15:42.763+0800 [DEBUG] [org.gradle.launcher.daemon.server.DaemonStateCoordinator] daemon has stopped.
2026-05-09T23:15:42.763+0800 [DEBUG] [org.gradle.launcher.daemon.server.Daemon] stop() called on daemon
2026-05-09T23:15:42.763+0800 [INFO] [org.gradle.launcher.daemon.server.Daemon] Stop requested. Daemon is removing its presence from the registry...
2026-05-09T23:15:42.763+0800 [DEBUG] [org.gradle.launcher.daemon.server.DaemonRegistryUpdater] Removing our presence to clients, eg. removing this address from the registry: [f7ee0a53-48ed-4383-a32e-61a8ac05aaa4 port:55889, addresses:[localhost/127.0.0.1]]
2026-05-09T23:15:42.763+0800 [DEBUG] [org.gradle.launcher.daemon.registry.PersistentDaemonRegistry] Removing daemon address: [f7ee0a53-48ed-4383-a32e-61a8ac05aaa4 port:55889, addresses:[localhost/127.0.0.1]]
2026-05-09T23:15:42.765+0800 [DEBUG] [org.gradle.cache.internal.DefaultFileLockManager] Waiting to acquire exclusive lock on daemon addresses registry.
2026-05-09T23:15:42.765+0800 [DEBUG] [org.gradle.cache.internal.DefaultFileLockManager] Lock acquired on daemon addresses registry.
2026-05-09T23:15:42.767+0800 [DEBUG] [org.gradle.cache.internal.DefaultFileLockManager] Releasing lock on daemon addresses registry.
2026-05-09T23:15:42.767+0800 [DEBUG] [org.gradle.launcher.daemon.server.DaemonRegistryUpdater] Address removed from registry.
2026-05-09T23:15:42.772+0800 [DEBUG] [org.gradle.cache.internal.DefaultCacheCleanupExecutor] jars (E:\#SavedFiles\EndlessCityCore\ProjectCode\EndlessCityCore\caches\jars-9) has last been fully cleaned up 128 hours ago
2026-05-09T23:15:42.772+0800 [DEBUG] [org.gradle.internal.operations.DefaultBuildOperationRunner] Build operation 'Clean up jars (E:\#SavedFiles\EndlessCityCore\ProjectCode\EndlessCityCore\caches\jars-9)' started
2026-05-09T23:15:42.778+0800 [INFO] [org.gradle.cache.internal.AbstractCacheCleanup] jars (E:\#SavedFiles\EndlessCityCore\ProjectCode\EndlessCityCore\caches\jars-9) cleanup deleted 0 files/directories.
2026-05-09T23:15:42.778+0800 [INFO] [org.gradle.cache.internal.LeastRecentlyUsedCacheCleanup] jars (E:\#SavedFiles\EndlessCityCore\ProjectCode\EndlessCityCore\caches\jars-9) removing files not accessed on or after Sat May 02 23:15:42 CST 2026.
2026-05-09T23:15:42.778+0800 [DEBUG] [org.gradle.cache.internal.LockOnDemandCrossProcessCacheAccess] Acquiring file lock for journal cache (E:\#SavedFiles\EndlessCityCore\ProjectCode\EndlessCityCore\caches\journal-1)
2026-05-09T23:15:42.780+0800 [DEBUG] [org.gradle.cache.internal.DefaultFileLockManager] Waiting to acquire exclusive lock on journal cache (E:\#SavedFiles\EndlessCityCore\ProjectCode\EndlessCityCore\caches\journal-1).
2026-05-09T23:15:42.780+0800 [DEBUG] [org.gradle.cache.internal.DefaultFileLockManager] The file lock for journal cache (E:\#SavedFiles\EndlessCityCore\ProjectCode\EndlessCityCore\caches\journal-1) is held by a different process (pid: 38676, lockId: 6334763526366763434). Pinged owner at port 64026
2026-05-09T23:15:42.780+0800 [DEBUG] [org.gradle.cache.internal.locklistener.DefaultFileLockContentionHandler] Process at port 64026 confirmed unlock request for lock with id 6334763526366763434.
2026-05-09T23:15:42.781+0800 [DEBUG] [org.gradle.cache.internal.locklistener.DefaultFileLockContentionHandler] Process at port 64026 confirmed lock release for lock with id 6334763526366763434.
2026-05-09T23:15:42.781+0800 [DEBUG] [org.gradle.cache.internal.locklistener.DefaultFileLockContentionHandler] Triggering lock release signal for lock with id 6334763526366763434.
2026-05-09T23:15:42.781+0800 [DEBUG] [org.gradle.cache.internal.DefaultFileLockManager] Lock acquired on journal cache (E:\#SavedFiles\EndlessCityCore\ProjectCode\EndlessCityCore\caches\journal-1).
2026-05-09T23:15:42.781+0800 [INFO] [org.gradle.cache.internal.InMemoryDecoratedCache] Invalidating in-memory cache of E:\#SavedFiles\EndlessCityCore\ProjectCode\EndlessCityCore\caches\journal-1\file-access.bin
2026-05-09T23:15:42.781+0800 [DEBUG] [org.gradle.cache.internal.btree.BTreePersistentIndexedCache] Opening cache file-access.bin (E:\#SavedFiles\EndlessCityCore\ProjectCode\EndlessCityCore\caches\journal-1\file-access.bin)
2026-05-09T23:15:42.786+0800 [INFO] [org.gradle.cache.internal.AbstractCacheCleanup] jars (E:\#SavedFiles\EndlessCityCore\ProjectCode\EndlessCityCore\caches\jars-9) cleanup deleted 0 files/directories.
2026-05-09T23:15:42.786+0800 [DEBUG] [org.gradle.internal.operations.DefaultBuildOperationRunner] Completing Build operation 'Clean up jars (E:\#SavedFiles\EndlessCityCore\ProjectCode\EndlessCityCore\caches\jars-9)'
2026-05-09T23:15:42.786+0800 [DEBUG] [org.gradle.internal.operations.DefaultBuildOperationRunner] Build operation 'Clean up jars (E:\#SavedFiles\EndlessCityCore\ProjectCode\EndlessCityCore\caches\jars-9)' completed
2026-05-09T23:15:42.786+0800 [INFO] [org.gradle.cache.internal.DefaultCacheCleanupExecutor] jars (E:\#SavedFiles\EndlessCityCore\ProjectCode\EndlessCityCore\caches\jars-9) cleaned up in 0.013 secs.
2026-05-09T23:15:42.786+0800 [DEBUG] [org.gradle.internal.watch.vfs.impl.WatchingVirtualFileSystem] Closing VFS, dropping state
2026-05-09T23:15:42.787+0800 [DEBUG] [org.gradle.cache.internal.DefaultCacheCoordinator] Cache Generated Gradle JARs cache (E:\#SavedFiles\EndlessCityCore\ProjectCode\EndlessCityCore\caches\9.3.1\generated-gradle-jars) was closed 0 times.
2026-05-09T23:15:42.787+0800 [DEBUG] [org.gradle.internal.watch.registry.impl.DefaultFileWatcherRegistry] Finished listening to file system change events
2026-05-09T23:15:42.787+0800 [DEBUG] [org.gradle.cache.internal.DefaultCacheCleanupExecutor] artifact cache (E:\#SavedFiles\EndlessCityCore\ProjectCode\EndlessCityCore\caches\modules-2) has last been fully cleaned up 128 hours ago
2026-05-09T23:15:42.787+0800 [DEBUG] [org.gradle.internal.operations.DefaultBuildOperationRunner] Build operation 'Clean up artifact cache (E:\#SavedFiles\EndlessCityCore\ProjectCode\EndlessCityCore\caches\modules-2)' started
2026-05-09T23:15:42.788+0800 [INFO] [org.gradle.cache.internal.AbstractCacheCleanup] artifact cache (E:\#SavedFiles\EndlessCityCore\ProjectCode\EndlessCityCore\caches\modules-2) cleanup deleted 0 files/directories.
2026-05-09T23:15:42.789+0800 [INFO] [org.gradle.cache.internal.AbstractCacheCleanup] artifact cache (E:\#SavedFiles\EndlessCityCore\ProjectCode\EndlessCityCore\caches\modules-2) [subdir: E:\#SavedFiles\EndlessCityCore\ProjectCode\EndlessCityCore\caches\modules-2\resources-2.1] cleanup deleted 0 files/directories.
2026-05-09T23:15:42.789+0800 [INFO] [org.gradle.cache.internal.LeastRecentlyUsedCacheCleanup] artifact cache (E:\#SavedFiles\EndlessCityCore\ProjectCode\EndlessCityCore\caches\modules-2) [subdir: E:\#SavedFiles\EndlessCityCore\ProjectCode\EndlessCityCore\caches\modules-2\resources-2.1] removing files not accessed on or after Thu Apr 09 23:15:42 CST 2026.
2026-05-09T23:15:42.789+0800 [INFO] [org.gradle.cache.internal.AbstractCacheCleanup] artifact cache (E:\#SavedFiles\EndlessCityCore\ProjectCode\EndlessCityCore\caches\modules-2) [subdir: E:\#SavedFiles\EndlessCityCore\ProjectCode\EndlessCityCore\caches\modules-2\resources-2.1] cleanup deleted 0 files/directories.
2026-05-09T23:15:42.790+0800 [INFO] [org.gradle.cache.internal.AbstractCacheCleanup] artifact cache (E:\#SavedFiles\EndlessCityCore\ProjectCode\EndlessCityCore\caches\modules-2) [subdir: E:\#SavedFiles\EndlessCityCore\ProjectCode\EndlessCityCore\caches\modules-2\files-2.1] cleanup deleted 0 files/directories.
2026-05-09T23:15:42.790+0800 [INFO] [org.gradle.cache.internal.LeastRecentlyUsedCacheCleanup] artifact cache (E:\#SavedFiles\EndlessCityCore\ProjectCode\EndlessCityCore\caches\modules-2) [subdir: E:\#SavedFiles\EndlessCityCore\ProjectCode\EndlessCityCore\caches\modules-2\files-2.1] removing files not accessed on or after Thu Apr 09 23:15:42 CST 2026.
2026-05-09T23:15:42.810+0800 [INFO] [org.gradle.cache.internal.AbstractCacheCleanup] artifact cache (E:\#SavedFiles\EndlessCityCore\ProjectCode\EndlessCityCore\caches\modules-2) [subdir: E:\#SavedFiles\EndlessCityCore\ProjectCode\EndlessCityCore\caches\modules-2\files-2.1] cleanup deleted 0 files/directories.
2026-05-09T23:15:42.810+0800 [INFO] [org.gradle.cache.internal.AbstractCacheCleanup] artifact cache (E:\#SavedFiles\EndlessCityCore\ProjectCode\EndlessCityCore\caches\modules-2) [subdir: E:\#SavedFiles\EndlessCityCore\ProjectCode\EndlessCityCore\caches\modules-2\metadata-2.107] cleanup deleted 0 files/directories.
2026-05-09T23:15:42.811+0800 [INFO] [org.gradle.cache.internal.AbstractCacheCleanup] artifact cache (E:\#SavedFiles\EndlessCityCore\ProjectCode\EndlessCityCore\caches\modules-2) cleanup deleted 0 files/directories.
2026-05-09T23:15:42.811+0800 [DEBUG] [org.gradle.internal.operations.DefaultBuildOperationRunner] Completing Build operation 'Clean up artifact cache (E:\#SavedFiles\EndlessCityCore\ProjectCode\EndlessCityCore\caches\modules-2)'
2026-05-09T23:15:42.811+0800 [DEBUG] [org.gradle.internal.operations.DefaultBuildOperationRunner] Build operation 'Clean up artifact cache (E:\#SavedFiles\EndlessCityCore\ProjectCode\EndlessCityCore\caches\modules-2)' completed
2026-05-09T23:15:42.811+0800 [INFO] [org.gradle.cache.internal.DefaultCacheCleanupExecutor] artifact cache (E:\#SavedFiles\EndlessCityCore\ProjectCode\EndlessCityCore\caches\modules-2) cleaned up in 0.024 secs.
2026-05-09T23:15:42.812+0800 [DEBUG] [org.gradle.cache.internal.LockOnDemandCrossProcessCacheAccess] Releasing file lock for cache directory e8509c13ec71b89356ee94885f1133f4 (E:\#SavedFiles\EndlessCityCore\ProjectCode\EndlessCityCore\caches\9.3.1\groovy-dsl\e8509c13ec71b89356ee94885f1133f4)
2026-05-09T23:15:42.812+0800 [DEBUG] [org.gradle.cache.internal.DefaultFileLockManager] Releasing lock on cache directory e8509c13ec71b89356ee94885f1133f4 (E:\#SavedFiles\EndlessCityCore\ProjectCode\EndlessCityCore\caches\9.3.1\groovy-dsl\e8509c13ec71b89356ee94885f1133f4).
2026-05-09T23:15:42.812+0800 [DEBUG] [org.gradle.cache.internal.LockOnDemandCrossProcessCacheAccess] Releasing file lock for cache directory 40d74f556efa040a748902d9666fbbb7 (E:\#SavedFiles\EndlessCityCore\ProjectCode\EndlessCityCore\caches\9.3.1\groovy-dsl\40d74f556efa040a748902d9666fbbb7)
2026-05-09T23:15:42.812+0800 [DEBUG] [org.gradle.cache.internal.DefaultFileLockManager] Releasing lock on cache directory 40d74f556efa040a748902d9666fbbb7 (E:\#SavedFiles\EndlessCityCore\ProjectCode\EndlessCityCore\caches\9.3.1\groovy-dsl\40d74f556efa040a748902d9666fbbb7).
2026-05-09T23:15:42.812+0800 [DEBUG] [org.gradle.cache.internal.LockOnDemandCrossProcessCacheAccess] Releasing file lock for cache directory c4c71aef5005132ad9bb1f841c690f37 (E:\#SavedFiles\EndlessCityCore\ProjectCode\EndlessCityCore\caches\9.3.1\groovy-dsl\c4c71aef5005132ad9bb1f841c690f37)
2026-05-09T23:15:42.812+0800 [DEBUG] [org.gradle.cache.internal.DefaultFileLockManager] Releasing lock on cache directory c4c71aef5005132ad9bb1f841c690f37 (E:\#SavedFiles\EndlessCityCore\ProjectCode\EndlessCityCore\caches\9.3.1\groovy-dsl\c4c71aef5005132ad9bb1f841c690f37).
2026-05-09T23:15:42.812+0800 [DEBUG] [org.gradle.cache.internal.LockOnDemandCrossProcessCacheAccess] Releasing file lock for cache directory eb2faed16638e965c89c063d01500501 (E:\#SavedFiles\EndlessCityCore\ProjectCode\EndlessCityCore\caches\9.3.1\groovy-dsl\eb2faed16638e965c89c063d01500501)
2026-05-09T23:15:42.812+0800 [DEBUG] [org.gradle.cache.internal.DefaultFileLockManager] Releasing lock on cache directory eb2faed16638e965c89c063d01500501 (E:\#SavedFiles\EndlessCityCore\ProjectCode\EndlessCityCore\caches\9.3.1\groovy-dsl\eb2faed16638e965c89c063d01500501).
2026-05-09T23:15:42.812+0800 [DEBUG] [org.gradle.cache.internal.LockOnDemandCrossProcessCacheAccess] Releasing file lock for cache directory fb0db6eb4e92e9dc2481530c946c4923 (E:\#SavedFiles\EndlessCityCore\ProjectCode\EndlessCityCore\caches\9.3.1\groovy-dsl\fb0db6eb4e92e9dc2481530c946c4923)
2026-05-09T23:15:42.813+0800 [DEBUG] [org.gradle.cache.internal.DefaultFileLockManager] Releasing lock on cache directory fb0db6eb4e92e9dc2481530c946c4923 (E:\#SavedFiles\EndlessCityCore\ProjectCode\EndlessCityCore\caches\9.3.1\groovy-dsl\fb0db6eb4e92e9dc2481530c946c4923).
2026-05-09T23:15:42.813+0800 [DEBUG] [org.gradle.cache.internal.LockOnDemandCrossProcessCacheAccess] Releasing file lock for cache directory 8997fea4a491109d39b868920a3dd4f2 (E:\#SavedFiles\EndlessCityCore\ProjectCode\EndlessCityCore\caches\9.3.1\groovy-dsl\8997fea4a491109d39b868920a3dd4f2)
2026-05-09T23:15:42.813+0800 [DEBUG] [org.gradle.cache.internal.DefaultFileLockManager] Releasing lock on cache directory 8997fea4a491109d39b868920a3dd4f2 (E:\#SavedFiles\EndlessCityCore\ProjectCode\EndlessCityCore\caches\9.3.1\groovy-dsl\8997fea4a491109d39b868920a3dd4f2).
2026-05-09T23:15:42.813+0800 [DEBUG] [org.gradle.cache.internal.DefaultCacheCleanupExecutor] groovy-dsl (E:\#SavedFiles\EndlessCityCore\ProjectCode\EndlessCityCore\caches\9.3.1\groovy-dsl) has last been fully cleaned up 128 hours ago
2026-05-09T23:15:42.813+0800 [DEBUG] [org.gradle.internal.operations.DefaultBuildOperationRunner] Build operation 'Clean up groovy-dsl (E:\#SavedFiles\EndlessCityCore\ProjectCode\EndlessCityCore\caches\9.3.1\groovy-dsl)' started
2026-05-09T23:15:42.813+0800 [INFO] [org.gradle.cache.internal.LeastRecentlyUsedCacheCleanup] groovy-dsl (E:\#SavedFiles\EndlessCityCore\ProjectCode\EndlessCityCore\caches\9.3.1\groovy-dsl) removing files not accessed on or after Sat May 02 23:15:42 CST 2026.
2026-05-09T23:15:42.816+0800 [INFO] [org.gradle.cache.internal.AbstractCacheCleanup] groovy-dsl (E:\#SavedFiles\EndlessCityCore\ProjectCode\EndlessCityCore\caches\9.3.1\groovy-dsl) cleanup deleted 0 files/directories.
2026-05-09T23:15:42.816+0800 [DEBUG] [org.gradle.internal.operations.DefaultBuildOperationRunner] Completing Build operation 'Clean up groovy-dsl (E:\#SavedFiles\EndlessCityCore\ProjectCode\EndlessCityCore\caches\9.3.1\groovy-dsl)'
2026-05-09T23:15:42.816+0800 [DEBUG] [org.gradle.internal.operations.DefaultBuildOperationRunner] Build operation 'Clean up groovy-dsl (E:\#SavedFiles\EndlessCityCore\ProjectCode\EndlessCityCore\caches\9.3.1\groovy-dsl)' completed
2026-05-09T23:15:42.817+0800 [INFO] [org.gradle.cache.internal.DefaultCacheCleanupExecutor] groovy-dsl (E:\#SavedFiles\EndlessCityCore\ProjectCode\EndlessCityCore\caches\9.3.1\groovy-dsl) cleaned up in 0.003 secs.
2026-05-09T23:15:42.817+0800 [DEBUG] [org.gradle.cache.internal.DefaultCacheCoordinator] Cache groovy-dsl (E:\#SavedFiles\EndlessCityCore\ProjectCode\EndlessCityCore\caches\9.3.1\groovy-dsl) was closed 0 times.
2026-05-09T23:15:42.817+0800 [DEBUG] [org.gradle.cache.internal.DefaultCacheCleanupExecutor] Artifact transforms cache (E:\#SavedFiles\EndlessCityCore\ProjectCode\EndlessCityCore\caches\9.3.1\transforms) has last been fully cleaned up 128 hours ago
2026-05-09T23:15:42.817+0800 [DEBUG] [org.gradle.internal.operations.DefaultBuildOperationRunner] Build operation 'Clean up Artifact transforms cache (E:\#SavedFiles\EndlessCityCore\ProjectCode\EndlessCityCore\caches\9.3.1\transforms)' started
2026-05-09T23:15:42.817+0800 [INFO] [org.gradle.cache.internal.LeastRecentlyUsedCacheCleanup] Artifact transforms cache (E:\#SavedFiles\EndlessCityCore\ProjectCode\EndlessCityCore\caches\9.3.1\transforms) removing files not accessed on or after Sat May 02 23:15:42 CST 2026.
2026-05-09T23:15:42.827+0800 [INFO] [org.gradle.cache.internal.AbstractCacheCleanup] Artifact transforms cache (E:\#SavedFiles\EndlessCityCore\ProjectCode\EndlessCityCore\caches\9.3.1\transforms) cleanup deleted 0 files/directories.
2026-05-09T23:15:42.827+0800 [DEBUG] [org.gradle.internal.operations.DefaultBuildOperationRunner] Completing Build operation 'Clean up Artifact transforms cache (E:\#SavedFiles\EndlessCityCore\ProjectCode\EndlessCityCore\caches\9.3.1\transforms)'
2026-05-09T23:15:42.827+0800 [DEBUG] [org.gradle.internal.operations.DefaultBuildOperationRunner] Build operation 'Clean up Artifact transforms cache (E:\#SavedFiles\EndlessCityCore\ProjectCode\EndlessCityCore\caches\9.3.1\transforms)' completed
2026-05-09T23:15:42.827+0800 [INFO] [org.gradle.cache.internal.DefaultCacheCleanupExecutor] Artifact transforms cache (E:\#SavedFiles\EndlessCityCore\ProjectCode\EndlessCityCore\caches\9.3.1\transforms) cleaned up in 0.01 secs.
2026-05-09T23:15:42.828+0800 [DEBUG] [org.gradle.cache.internal.DefaultCacheCoordinator] Cache Artifact transforms cache (E:\#SavedFiles\EndlessCityCore\ProjectCode\EndlessCityCore\caches\9.3.1\transforms) was closed 0 times.
2026-05-09T23:15:42.828+0800 [DEBUG] [org.gradle.cache.internal.LockOnDemandCrossProcessCacheAccess] Releasing file lock for journal cache (E:\#SavedFiles\EndlessCityCore\ProjectCode\EndlessCityCore\caches\journal-1)
2026-05-09T23:15:42.828+0800 [DEBUG] [org.gradle.cache.internal.btree.BTreePersistentIndexedCache] Closing cache file-access.bin (E:\#SavedFiles\EndlessCityCore\ProjectCode\EndlessCityCore\caches\journal-1\file-access.bin)
2026-05-09T23:15:42.828+0800 [DEBUG] [org.gradle.cache.internal.DefaultFileLockManager] Releasing lock on journal cache (E:\#SavedFiles\EndlessCityCore\ProjectCode\EndlessCityCore\caches\journal-1).
2026-05-09T23:15:42.828+0800 [DEBUG] [org.gradle.cache.internal.DefaultCacheCoordinator] Cache journal cache (E:\#SavedFiles\EndlessCityCore\ProjectCode\EndlessCityCore\caches\journal-1) was closed 3 times.
2026-05-09T23:15:42.829+0800 [DEBUG] [org.gradle.cache.internal.LockOnDemandCrossProcessCacheAccess] Releasing file lock for Java compile cache (E:\#SavedFiles\EndlessCityCore\ProjectCode\EndlessCityCore\caches\9.3.1\javaCompile)
2026-05-09T23:15:42.829+0800 [DEBUG] [org.gradle.cache.internal.btree.BTreePersistentIndexedCache] Closing cache jarAnalysis.bin (E:\#SavedFiles\EndlessCityCore\ProjectCode\EndlessCityCore\caches\9.3.1\javaCompile\jarAnalysis.bin)
2026-05-09T23:15:42.829+0800 [DEBUG] [org.gradle.cache.internal.DefaultFileLockManager] Releasing lock on Java compile cache (E:\#SavedFiles\EndlessCityCore\ProjectCode\EndlessCityCore\caches\9.3.1\javaCompile).
2026-05-09T23:15:42.829+0800 [DEBUG] [org.gradle.internal.operations.DefaultBuildOperationRunner] Build operation 'Deleting unused version-specific caches in E:\#SavedFiles\EndlessCityCore\ProjectCode\EndlessCityCore\caches' started
2026-05-09T23:15:42.832+0800 [DEBUG] [org.gradle.cache.internal.VersionSpecificCacheCleanupAction] Processed version-specific caches at E:\#SavedFiles\EndlessCityCore\ProjectCode\EndlessCityCore\caches for cleanup in 0.002 secs
2026-05-09T23:15:42.832+0800 [DEBUG] [org.gradle.internal.operations.DefaultBuildOperationRunner] Completing Build operation 'Deleting unused version-specific caches in E:\#SavedFiles\EndlessCityCore\ProjectCode\EndlessCityCore\caches'
2026-05-09T23:15:42.832+0800 [DEBUG] [org.gradle.internal.operations.DefaultBuildOperationRunner] Build operation 'Deleting unused version-specific caches in E:\#SavedFiles\EndlessCityCore\ProjectCode\EndlessCityCore\caches' completed
2026-05-09T23:15:42.833+0800 [DEBUG] [org.gradle.internal.operations.DefaultBuildOperationRunner] Build operation 'Deleting unused Gradle distributions in E:\#SavedFiles\EndlessCityCore\ProjectCode\EndlessCityCore\wrapper\dists' started
2026-05-09T23:15:42.837+0800 [DEBUG] [org.gradle.internal.operations.DefaultBuildOperationRunner] Completing Build operation 'Deleting unused Gradle distributions in E:\#SavedFiles\EndlessCityCore\ProjectCode\EndlessCityCore\wrapper\dists'
2026-05-09T23:15:42.837+0800 [DEBUG] [org.gradle.internal.operations.DefaultBuildOperationRunner] Build operation 'Deleting unused Gradle distributions in E:\#SavedFiles\EndlessCityCore\ProjectCode\EndlessCityCore\wrapper\dists' completed
2026-05-09T23:15:42.837+0800 [DEBUG] [org.gradle.launcher.daemon.server.Daemon] stop() called on daemon
2026-05-09T23:15:42.837+0800 [INFO] [org.gradle.launcher.daemon.server.Daemon] Stop requested. Daemon is removing its presence from the registry...
2026-05-09T23:15:42.837+0800 [DEBUG] [org.gradle.launcher.daemon.server.DaemonRegistryUpdater] Removing our presence to clients, eg. removing this address from the registry: [f7ee0a53-48ed-4383-a32e-61a8ac05aaa4 port:55889, addresses:[localhost/127.0.0.1]]
2026-05-09T23:15:42.837+0800 [DEBUG] [org.gradle.launcher.daemon.registry.PersistentDaemonRegistry] Removing daemon address: [f7ee0a53-48ed-4383-a32e-61a8ac05aaa4 port:55889, addresses:[localhost/127.0.0.1]]
2026-05-09T23:15:42.838+0800 [DEBUG] [org.gradle.cache.internal.DefaultFileLockManager] Waiting to acquire exclusive lock on daemon addresses registry.
2026-05-09T23:15:42.839+0800 [DEBUG] [org.gradle.cache.internal.DefaultFileLockManager] Lock acquired on daemon addresses registry.
2026-05-09T23:15:42.840+0800 [DEBUG] [org.gradle.cache.internal.DefaultFileLockManager] Releasing lock on daemon addresses registry.
2026-05-09T23:15:42.840+0800 [DEBUG] [org.gradle.launcher.daemon.server.DaemonRegistryUpdater] Address removed from registry.
2026-05-09T23:15:42.840+0800 [DEBUG] [org.gradle.cache.internal.locklistener.DefaultFileLockContentionHandler] File lock listener thread completed.
Daemon vm is shutting down... The daemon has exited normally or was terminated in response to a user interrupt.
2026-05-09T23:15:42.842+0800 [DEBUG] [org.gradle.launcher.daemon.registry.PersistentDaemonRegistry] Removing daemon address: [f7ee0a53-48ed-4383-a32e-61a8ac05aaa4 port:55889, addresses:[localhost/127.0.0.1]]
2026-05-09T23:15:42.842+0800 [DEBUG] [org.gradle.launcher.daemon.server.Daemon] VM shutdown hook was unable to remove the daemon address from the registry. It will be cleaned up later.
java.lang.IllegalStateException: Cannot start managing file contention because this handler has been closed.
	at org.gradle.cache.internal.locklistener.DefaultFileLockContentionHandler.assertNotStopped(DefaultFileLockContentionHandler.java:267)
	at org.gradle.cache.internal.locklistener.DefaultFileLockContentionHandler.reservePort(DefaultFileLockContentionHandler.java:312)
	at org.gradle.cache.internal.DefaultFileLockManager.lock(DefaultFileLockManager.java:124)
	at org.gradle.cache.internal.DefaultFileLockManager.lock(DefaultFileLockManager.java:106)
	at org.gradle.cache.internal.DefaultFileLockManager.lock(DefaultFileLockManager.java:101)
	at org.gradle.cache.internal.OnDemandFileAccess.updateFile(OnDemandFileAccess.java:51)
	at org.gradle.cache.internal.FileBackedObjectHolder.update(FileBackedObjectHolder.java:77)
	at org.gradle.cache.internal.FileIntegrityViolationSuppressingObjectHolderDecorator.lambda$update$0(FileIntegrityViolationSuppressingObjectHolderDecorator.java:48)
	at org.gradle.cache.internal.FileIntegrityViolationSuppressingObjectHolderDecorator.doUpdate(FileIntegrityViolationSuppressingObjectHolderDecorator.java:58)
	at org.gradle.cache.internal.FileIntegrityViolationSuppressingObjectHolderDecorator.update(FileIntegrityViolationSuppressingObjectHolderDecorator.java:48)
	at org.gradle.launcher.daemon.registry.PersistentDaemonRegistry.remove(PersistentDaemonRegistry.java:133)
	at org.gradle.launcher.daemon.server.Daemon$1.run(Daemon.java:133)
	at java.base/java.lang.Thread.run(Thread.java:840)
